Date,actual speed,predicted speed
2017-05-08 00:00:00,84.75,25.124872
2017-05-08 00:05:00,84.2,25.792582
2017-05-08 00:10:00,85.8,26.906118
2017-05-08 00:15:00,84.8,29.729103
2017-05-08 00:20:00,86.8,30.428776
2017-05-08 00:25:00,85.0,32.446846
2017-05-08 00:30:00,84.8,39.02218
2017-05-08 00:35:00,82.8,58.701363
2017-05-08 00:40:00,88.6,75.964294
2017-05-08 00:45:00,88.2,84.100426
2017-05-08 00:50:00,95.8,87.28113
2017-05-08 00:55:00,86.4,88.45697
2017-05-08 01:00:00,92.25,88.540764
2017-05-08 01:05:00,93.0,82.50117
2017-05-08 01:10:00,91.25,73.32588
2017-05-08 01:15:00,94.4,63.63428
2017-05-08 01:20:00,95.6,81.36923
2017-05-08 01:25:00,96.0,92.714645
2017-05-08 01:30:00,96.4,93.13416
2017-05-08 01:35:00,96.66666666666669,94.13278
2017-05-08 01:40:00,95.66666666666669,94.77415
2017-05-08 01:45:00,97.6,95.273415
2017-05-08 01:50:00,100.4,95.54043
2017-05-08 01:55:00,96.0,95.77375
2017-05-08 02:00:00,98.8,96.014786
2017-05-08 02:05:00,96.6,96.18342
2017-05-08 02:10:00,101.8,96.36462
2017-05-08 02:15:00,102.2,96.50484
2017-05-08 02:20:00,101.5,96.6276
2017-05-08 02:25:00,101.4,96.766266
2017-05-08 02:30:00,103.4,96.83406
2017-05-08 02:35:00,103.6,96.90518
2017-05-08 02:40:00,100.0,96.890785
2017-05-08 02:45:00,100.4,96.91012
2017-05-08 02:50:00,100.2,96.89027
2017-05-08 02:55:00,104.75,96.9066
2017-05-08 03:00:00,100.25,96.98946
2017-05-08 03:05:00,99.0,97.20783
2017-05-08 03:10:00,100.8,97.5921
2017-05-08 03:15:00,100.6,98.11466
2017-05-08 03:20:00,101.2,98.1095
2017-05-08 03:25:00,99.2,98.10298
2017-05-08 03:30:00,99.0,98.098206
2017-05-08 03:35:00,97.8,98.09636
2017-05-08 03:40:00,97.4,98.094025
2017-05-08 03:45:00,97.6,98.09346
2017-05-08 03:50:00,98.4,98.091515
2017-05-08 03:55:00,99.8,98.093895
2017-05-08 04:00:00,100.2,98.09246
2017-05-08 04:05:00,100.8,98.09448
2017-05-08 04:10:00,102.0,98.09696
2017-05-08 04:15:00,100.5,98.100914
2017-05-08 04:20:00,94.6,98.10379
2017-05-08 04:25:00,94.0,98.1034
2017-05-08 04:30:00,94.4,98.104164
2017-05-08 04:35:00,95.0,98.10276
2017-05-08 04:40:00,101.0,98.103165
2017-05-08 04:45:00,100.6,98.10305
2017-05-08 04:50:00,101.8,98.21015
2017-05-08 04:55:00,103.2,98.38271
2017-05-08 05:00:00,97.5,98.55805
2017-05-08 05:05:00,96.4,98.73602
2017-05-08 05:10:00,96.4,98.90484
2017-05-08 05:15:00,95.0,99.04431
2017-05-08 05:20:00,96.5,99.1381
2017-05-08 05:25:00,99.4,99.20567
2017-05-08 05:30:00,99.8,99.237946
2017-05-08 05:35:00,99.6,99.24219
2017-05-08 05:40:00,99.4,99.22186
2017-05-08 05:45:00,101.2,99.19458
2017-05-08 05:50:00,107.0,99.1487
2017-05-08 05:55:00,102.8,99.06377
2017-05-08 06:00:00,104.0,98.879845
2017-05-08 06:05:00,101.6,98.52848
2017-05-08 06:10:00,99.8,98.09516
2017-05-08 06:15:00,101.4,97.62563
2017-05-08 06:20:00,105.4,97.06578
2017-05-08 06:25:00,101.2,96.27445
2017-05-08 06:30:00,97.6,94.96031
2017-05-08 06:35:00,96.6,93.27421
2017-05-08 06:40:00,94.6,92.25166
2017-05-08 06:45:00,92.2,91.43959
2017-05-08 06:50:00,87.8,90.76698
2017-05-08 06:55:00,100.6,90.25861
2017-05-08 07:00:00,88.2,89.87399
2017-05-08 07:05:00,89.8,89.502205
2017-05-08 07:10:00,88.8,89.27362
2017-05-08 07:15:00,87.5,89.89416
2017-05-08 07:20:00,87.5,89.910164
2017-05-08 07:25:00,84.6,89.92686
2017-05-08 07:30:00,85.2,89.94759
2017-05-08 07:35:00,86.8,89.96417
2017-05-08 07:40:00,91.2,89.97646
2017-05-08 07:45:00,90.2,90.00353
2017-05-08 07:50:00,84.6,90.04522
2017-05-08 07:55:00,92.0,90.07626
2017-05-08 08:00:00,87.0,90.090164
2017-05-08 08:05:00,88.6,90.11134
2017-05-08 08:10:00,89.8,90.13826
2017-05-08 08:15:00,93.25,90.16725
2017-05-08 08:20:00,91.8,90.190125
2017-05-08 08:25:00,93.2,90.18867
2017-05-08 08:30:00,101.0,90.17854
2017-05-08 08:35:00,103.6,90.17438
2017-05-08 08:40:00,90.5,90.170235
2017-05-08 08:45:00,92.2,90.17132
2017-05-08 08:50:00,92.0,90.16568
2017-05-08 08:55:00,94.0,90.1354
2017-05-08 09:00:00,91.0,90.081436
2017-05-08 09:05:00,93.4,90.012825
2017-05-08 09:10:00,94.2,89.93151
2017-05-08 09:15:00,93.25,89.84366
2017-05-08 09:20:00,88.25,89.741356
2017-05-08 09:25:00,89.0,89.63579
2017-05-08 09:30:00,88.0,89.5331
2017-05-08 09:35:00,88.0,89.41687
2017-05-08 09:40:00,93.25,89.3025
2017-05-08 09:45:00,98.2,89.18957
2017-05-08 09:50:00,95.4,89.095535
2017-05-08 09:55:00,94.4,89.01844
2017-05-08 10:00:00,95.6,88.96425
2017-05-08 10:05:00,98.0,88.931564
2017-05-08 10:10:00,94.6,88.8788
2017-05-08 10:15:00,93.4,88.8196
2017-05-08 10:20:00,89.8,88.75299
2017-05-08 10:25:00,86.6,88.67364
2017-05-08 10:30:00,89.8,88.56208
2017-05-08 10:35:00,88.2,88.427055
2017-05-08 10:40:00,93.6,88.26646
2017-05-08 10:45:00,92.8,88.09792
2017-05-08 10:50:00,88.0,87.93004
2017-05-08 10:55:00,88.2,87.74949
2017-05-08 11:00:00,87.6,87.52994
2017-05-08 11:05:00,87.0,87.11704
2017-05-08 11:10:00,87.4,56.295536
2017-05-08 11:15:00,89.33333333333331,44.041004
2017-05-08 11:20:00,84.4,37.22795
2017-05-08 11:25:00,83.6,33.266087
2017-05-08 11:30:00,84.6,30.09019
2017-05-08 11:35:00,84.2,27.121845
2017-05-08 11:40:00,82.0,24.386297
2017-05-08 11:45:00,84.0,23.474419
2017-05-08 11:50:00,83.4,23.048296
2017-05-08 11:55:00,85.8,22.680561
2017-05-08 12:00:00,87.2,23.064568
2017-05-08 12:05:00,87.2,23.753904
2017-05-08 12:10:00,82.6,23.816414
2017-05-08 12:15:00,83.0,23.510216
2017-05-08 12:20:00,84.6,23.383144
2017-05-08 12:25:00,81.8,23.177328
2017-05-08 12:30:00,80.8,22.766176
2017-05-08 12:35:00,82.8,23.143671
2017-05-08 12:40:00,75.8,24.08282
2017-05-08 12:45:00,68.4,24.76963
2017-05-08 12:50:00,66.8,25.266052
2017-05-08 12:55:00,60.599999999999994,25.45925
2017-05-08 13:00:00,65.0,25.028181
2017-05-08 13:05:00,74.8,24.64172
2017-05-08 13:10:00,80.8,24.913149
2017-05-08 13:15:00,83.4,25.562727
2017-05-08 13:20:00,87.2,26.203627
2017-05-08 13:25:00,83.0,26.753456
2017-05-08 13:30:00,76.6,26.769207
2017-05-08 13:35:00,72.5,26.451796
2017-05-08 13:40:00,55.6,25.90348
2017-05-08 13:45:00,68.8,25.29764
2017-05-08 13:50:00,66.8,24.753624
2017-05-08 13:55:00,77.0,24.344898
2017-05-08 14:00:00,81.6,24.008781
2017-05-08 14:05:00,80.8,23.833088
2017-05-08 14:10:00,81.4,23.687798
2017-05-08 14:15:00,71.0,23.497353
2017-05-08 14:20:00,49.50000000000001,23.330528
2017-05-08 14:25:00,36.4,23.28048
2017-05-08 14:30:00,34.400000000000006,23.159813
2017-05-08 14:35:00,36.0,23.183933
2017-05-08 14:40:00,28.66666666666667,23.10398
2017-05-08 14:45:00,27.8,22.890032
2017-05-08 14:50:00,29.2,22.784359
2017-05-08 14:55:00,29.2,22.670776
2017-05-08 15:00:00,29.6,22.421736
2017-05-08 15:05:00,27.2,22.055698
2017-05-08 15:10:00,29.799999999999997,21.722939
2017-05-08 15:15:00,26.8,21.386618
2017-05-08 15:20:00,31.000000000000004,21.36291
2017-05-08 15:25:00,27.6,21.31776
2017-05-08 15:30:00,32.4,21.28069
2017-05-08 15:35:00,21.4,21.23798
2017-05-08 15:40:00,27.2,21.126722
2017-05-08 15:45:00,32.0,21.073563
2017-05-08 15:50:00,24.4,21.057163
2017-05-08 15:55:00,27.2,21.017838
2017-05-08 16:00:00,27.2,21.031841
2017-05-08 16:05:00,31.400000000000006,21.044294
2017-05-08 16:10:00,33.8,21.164995
2017-05-08 16:15:00,25.6,21.24771
2017-05-08 16:20:00,27.2,21.288464
2017-05-08 16:25:00,28.8,21.298574
2017-05-08 16:30:00,23.0,21.246565
2017-05-08 16:35:00,22.4,21.226608
2017-05-08 16:40:00,29.399999999999995,21.213614
2017-05-08 16:45:00,28.8,21.197084
2017-05-08 16:50:00,28.5,21.179464
2017-05-08 16:55:00,29.2,21.068558
2017-05-08 17:00:00,26.0,20.974737
2017-05-08 17:05:00,26.0,20.881767
2017-05-08 17:10:00,25.4,20.757473
2017-05-08 17:15:00,27.0,20.588257
2017-05-08 17:20:00,27.6,20.487663
2017-05-08 17:25:00,24.2,20.412058
2017-05-08 17:30:00,24.4,20.38617
2017-05-08 17:35:00,23.4,20.4289
2017-05-08 17:40:00,22.2,20.289482
2017-05-08 17:45:00,26.0,20.217627
2017-05-08 17:50:00,25.4,20.202782
2017-05-08 17:55:00,26.2,20.12561
2017-05-08 18:00:00,23.2,20.084904
2017-05-08 18:05:00,32.0,20.003735
2017-05-08 18:10:00,22.4,19.987957
2017-05-08 18:15:00,18.4,19.962473
2017-05-08 18:20:00,15.799999999999999,19.86858
2017-05-08 18:25:00,28.2,19.829832
2017-05-08 18:30:00,29.6,19.868324
2017-05-08 18:35:00,30.40000000000001,19.848242
2017-05-08 18:40:00,22.0,19.829626
2017-05-08 18:45:00,24.0,19.832537
2017-05-08 18:50:00,25.4,19.853573
2017-05-08 18:55:00,22.6,19.944345
2017-05-08 19:00:00,26.0,20.001398
2017-05-08 19:05:00,26.4,20.084595
2017-05-08 19:10:00,28.4,20.123009
2017-05-08 19:15:00,28.75,20.028164
2017-05-08 19:20:00,25.2,19.933422
2017-05-08 19:25:00,27.2,19.879538
2017-05-08 19:30:00,25.6,19.84688
2017-05-08 19:35:00,27.25,19.83142
2017-05-08 19:40:00,23.6,19.896175
2017-05-08 19:45:00,20.6,19.998163
2017-05-08 19:50:00,28.8,20.163761
2017-05-08 19:55:00,26.8,20.322474
2017-05-08 20:00:00,25.0,20.418793
2017-05-08 20:05:00,27.8,20.482595
2017-05-08 20:10:00,31.800000000000008,20.454145
2017-05-08 20:15:00,30.000000000000004,20.336252
2017-05-08 20:20:00,31.000000000000004,20.433987
2017-05-08 20:25:00,33.2,20.431961
2017-05-08 20:30:00,28.0,20.504293
2017-05-08 20:35:00,30.000000000000004,20.487755
2017-05-08 20:40:00,32.20000000000001,20.38644
2017-05-08 20:45:00,30.199999999999996,20.668007
2017-05-08 20:50:00,39.800000000000004,20.723665
2017-05-08 20:55:00,76.25,20.770855
2017-05-08 21:00:00,87.0,20.913332
2017-05-08 21:05:00,86.8,21.191093
2017-05-08 21:10:00,85.5,21.597841
2017-05-08 21:15:00,86.6,21.66524
2017-05-08 21:20:00,89.4,21.75816
2017-05-08 21:25:00,91.8,22.084518
2017-05-08 21:30:00,87.6,22.538769
2017-05-08 21:35:00,84.8,22.661488
2017-05-08 21:40:00,85.2,23.045095
2017-05-08 21:45:00,84.4,23.19641
2017-05-08 21:50:00,84.0,23.166605
2017-05-08 21:55:00,84.8,23.208673
2017-05-08 22:00:00,84.4,23.069214
2017-05-08 22:05:00,83.2,22.948875
2017-05-08 22:10:00,84.6,22.627647
2017-05-08 22:15:00,80.25,22.376486
2017-05-08 22:20:00,76.0,22.124638
2017-05-08 22:25:00,54.6,22.157011
2017-05-08 22:30:00,35.20000000000001,22.288092
2017-05-08 22:35:00,30.40000000000001,22.551249
2017-05-08 22:40:00,31.750000000000007,22.557203
2017-05-08 22:45:00,31.199999999999996,22.518284
2017-05-08 22:50:00,29.6,22.417805
2017-05-08 22:55:00,29.6,22.34002
2017-05-08 23:00:00,33.0,22.27064
2017-05-08 23:05:00,26.4,22.158382
2017-05-08 23:10:00,29.0,22.084805
2017-05-08 23:15:00,32.75000000000001,22.10335
2017-05-08 23:20:00,28.75,22.13896
2017-05-08 23:25:00,24.0,22.151371
2017-05-08 23:30:00,28.2,22.058287
2017-05-08 23:35:00,26.0,22.017805
2017-05-08 23:40:00,31.400000000000006,21.954426
2017-05-08 23:45:00,28.0,21.875002
2017-05-08 23:50:00,26.2,21.763922
2017-05-08 23:55:00,40.75000000000001,21.652727
2017-05-09 00:00:00,88.8,21.5426
2017-05-09 00:05:00,76.2,21.443226
2017-05-09 00:10:00,34.00000000000001,21.520048
2017-05-09 00:15:00,31.199999999999996,22.170774
2017-05-09 00:20:00,32.0,22.349165
2017-05-09 00:25:00,48.4,22.658173
2017-05-09 00:30:00,61.60000000000001,22.969498
2017-05-09 00:35:00,79.0,23.490828
2017-05-09 00:40:00,88.2,24.01966
2017-05-09 00:45:00,85.4,24.76071
2017-05-09 00:50:00,90.4,28.224815
2017-05-09 00:55:00,93.2,81.95791
2017-05-09 01:00:00,90.2,89.17162
2017-05-09 01:05:00,92.2,89.92069
2017-05-09 01:10:00,88.2,90.86908
2017-05-09 01:15:00,86.6,91.63566
2017-05-09 01:20:00,88.6,92.313965
2017-05-09 01:25:00,92.6,92.97117
2017-05-09 01:30:00,93.6,93.4119
2017-05-09 01:35:00,96.5,93.85086
2017-05-09 01:40:00,100.5,94.22272
2017-05-09 01:45:00,97.0,94.46714
2017-05-09 01:50:00,98.6,94.55748
2017-05-09 01:55:00,94.4,94.612236
2017-05-09 02:00:00,95.5,94.80532
2017-05-09 02:05:00,96.6,95.22456
2017-05-09 02:10:00,98.4,95.668945
2017-05-09 02:15:00,99.6,95.96264
2017-05-09 02:20:00,98.6,96.112625
2017-05-09 02:25:00,98.0,96.23584
2017-05-09 02:30:00,97.2,96.35637
2017-05-09 02:35:00,97.6,96.46517
2017-05-09 02:40:00,97.4,96.565575
2017-05-09 02:45:00,95.2,96.65426
2017-05-09 02:50:00,96.2,96.75008
2017-05-09 02:55:00,97.6,96.84336
2017-05-09 03:00:00,95.8,96.935875
2017-05-09 03:05:00,96.4,97.02613
2017-05-09 03:10:00,97.0,97.21337
2017-05-09 03:15:00,99.6,97.49289
2017-05-09 03:20:00,99.4,97.49498
2017-05-09 03:25:00,99.8,97.4971
2017-05-09 03:30:00,98.6,97.494286
2017-05-09 03:35:00,98.0,97.48792
2017-05-09 03:40:00,104.4,97.482574
2017-05-09 03:45:00,104.6,97.475395
2017-05-09 03:50:00,99.6,97.46957
2017-05-09 03:55:00,101.2,97.46361
2017-05-09 04:00:00,101.0,97.46534
2017-05-09 04:05:00,96.6,97.465485
2017-05-09 04:10:00,98.2,97.462845
2017-05-09 04:15:00,96.6,97.45509
2017-05-09 04:20:00,98.66666666666669,97.44842
2017-05-09 04:25:00,100.8,97.44634
2017-05-09 04:30:00,99.0,97.449196
2017-05-09 04:35:00,98.8,97.45192
2017-05-09 04:40:00,94.25,97.45292
2017-05-09 04:45:00,91.2,97.457146
2017-05-09 04:50:00,93.4,97.53348
2017-05-09 04:55:00,96.8,97.64149
2017-05-09 05:00:00,96.8,97.75042
2017-05-09 05:05:00,95.8,97.85397
2017-05-09 05:10:00,94.0,97.94613
2017-05-09 05:15:00,96.5,98.0194
2017-05-09 05:20:00,100.0,98.072014
2017-05-09 05:25:00,100.8,98.111435
2017-05-09 05:30:00,99.6,98.137825
2017-05-09 05:35:00,99.0,98.143684
2017-05-09 05:40:00,96.8,98.13361
2017-05-09 05:45:00,99.6,98.11507
2017-05-09 05:50:00,103.4,98.076195
2017-05-09 05:55:00,102.6,98.029015
2017-05-09 06:00:00,100.4,97.9743
2017-05-09 06:05:00,101.2,97.88079
2017-05-09 06:10:00,106.0,97.67673
2017-05-09 06:15:00,103.4,97.10568
2017-05-09 06:20:00,103.2,95.851295
2017-05-09 06:25:00,98.2,94.0347
2017-05-09 06:30:00,100.4,92.41786
2017-05-09 06:35:00,97.0,91.29522
2017-05-09 06:40:00,95.6,90.563354
2017-05-09 06:45:00,96.4,90.12801
2017-05-09 06:50:00,98.0,89.92879
2017-05-09 06:55:00,95.0,89.844894
2017-05-09 07:00:00,91.4,89.79046
2017-05-09 07:05:00,91.6,89.70208
2017-05-09 07:10:00,89.0,89.54221
2017-05-09 07:15:00,91.5,89.555786
2017-05-09 07:20:00,91.8,89.559715
2017-05-09 07:25:00,88.6,89.562065
2017-05-09 07:30:00,89.0,89.5644
2017-05-09 07:35:00,88.2,89.556854
2017-05-09 07:40:00,89.0,89.56036
2017-05-09 07:45:00,90.2,89.56251
2017-05-09 07:50:00,93.0,89.56333
2017-05-09 07:55:00,89.0,89.55276
2017-05-09 08:00:00,85.2,89.55318
2017-05-09 08:05:00,88.2,89.561455
2017-05-09 08:10:00,90.6,89.56014
2017-05-09 08:15:00,91.4,89.56759
2017-05-09 08:20:00,89.2,89.571106
2017-05-09 08:25:00,89.0,89.570404
2017-05-09 08:30:00,89.2,89.57595
2017-05-09 08:35:00,90.25,89.57828
2017-05-09 08:40:00,95.4,89.57363
2017-05-09 08:45:00,94.0,89.568695
2017-05-09 08:50:00,87.6,89.583984
2017-05-09 08:55:00,92.2,89.60372
2017-05-09 09:00:00,86.4,89.602554
2017-05-09 09:05:00,89.6,89.57516
2017-05-09 09:10:00,92.2,89.51201
2017-05-09 09:15:00,87.2,89.40722
2017-05-09 09:20:00,83.0,89.29615
2017-05-09 09:25:00,84.0,89.18745
2017-05-09 09:30:00,83.4,89.065895
2017-05-09 09:35:00,80.0,88.94232
2017-05-09 09:40:00,83.2,88.8196
2017-05-09 09:45:00,85.8,88.68847
2017-05-09 09:50:00,88.8,88.583244
2017-05-09 09:55:00,86.6,88.4879
2017-05-09 10:00:00,87.8,88.419495
2017-05-09 10:05:00,88.8,88.33561
2017-05-09 10:10:00,85.2,88.2506
2017-05-09 10:15:00,82.2,88.16486
2017-05-09 10:20:00,85.4,88.09788
2017-05-09 10:25:00,84.0,88.04009
2017-05-09 10:30:00,85.6,87.97631
2017-05-09 10:35:00,85.4,87.913506
2017-05-09 10:40:00,86.4,87.87603
2017-05-09 10:45:00,83.2,87.87263
2017-05-09 10:50:00,91.0,87.87025
2017-05-09 10:55:00,89.8,87.83348
2017-05-09 11:00:00,86.8,87.78983
2017-05-09 11:05:00,86.0,87.66036
2017-05-09 11:10:00,84.2,84.83524
2017-05-09 11:15:00,87.4,69.356766
2017-05-09 11:20:00,94.0,61.749138
2017-05-09 11:25:00,86.6,52.950443
2017-05-09 11:30:00,85.8,45.148903
2017-05-09 11:35:00,91.6,40.087406
2017-05-09 11:40:00,82.2,37.25551
2017-05-09 11:45:00,83.6,35.313576
2017-05-09 11:50:00,82.5,33.26674
2017-05-09 11:55:00,85.2,31.145393
2017-05-09 12:00:00,84.75,29.271059
2017-05-09 12:05:00,85.6,28.615108
2017-05-09 12:10:00,84.8,28.299019
2017-05-09 12:15:00,85.2,27.387766
2017-05-09 12:20:00,81.6,27.341957
2017-05-09 12:25:00,67.2,27.843527
2017-05-09 12:30:00,55.400000000000006,27.864258
2017-05-09 12:35:00,50.8,27.918043
2017-05-09 12:40:00,41.2,27.89624
2017-05-09 12:45:00,31.400000000000006,27.56587
2017-05-09 12:50:00,35.800000000000004,26.186646
2017-05-09 12:55:00,42.2,23.778723
2017-05-09 13:00:00,33.0,22.904068
2017-05-09 13:05:00,28.0,22.284105
2017-05-09 13:10:00,23.2,21.707705
2017-05-09 13:15:00,18.2,21.765133
2017-05-09 13:20:00,13.25,22.035069
2017-05-09 13:25:00,10.8,22.418304
2017-05-09 13:30:00,7.799999999999999,22.8521
2017-05-09 13:35:00,9.0,23.245758
2017-05-09 13:40:00,13.0,23.410656
2017-05-09 13:45:00,19.2,23.370068
2017-05-09 13:50:00,30.6,23.42596
2017-05-09 13:55:00,26.8,23.450317
2017-05-09 14:00:00,28.4,23.5716
2017-05-09 14:05:00,22.0,23.671673
2017-05-09 14:10:00,23.5,23.67092
2017-05-09 14:15:00,28.4,23.720219
2017-05-09 14:20:00,26.2,23.74883
2017-05-09 14:25:00,26.0,23.733915
2017-05-09 14:30:00,24.75,23.744383
2017-05-09 14:35:00,27.4,23.840792
2017-05-09 14:40:00,25.5,24.04481
2017-05-09 14:45:00,27.0,24.2803
2017-05-09 14:50:00,27.0,24.472916
2017-05-09 14:55:00,22.6,24.535532
2017-05-09 15:00:00,24.4,24.420797
2017-05-09 15:05:00,21.0,24.130585
2017-05-09 15:10:00,20.6,23.71229
2017-05-09 15:15:00,30.000000000000004,23.181406
2017-05-09 15:20:00,27.2,23.034233
2017-05-09 15:25:00,26.6,22.890636
2017-05-09 15:30:00,31.800000000000008,22.776093
2017-05-09 15:35:00,29.25,22.69327
2017-05-09 15:40:00,33.4,22.625904
2017-05-09 15:45:00,26.6,22.621206
2017-05-09 15:50:00,24.8,22.545479
2017-05-09 15:55:00,23.6,22.439564
2017-05-09 16:00:00,25.6,22.344984
2017-05-09 16:05:00,22.6,22.29482
2017-05-09 16:10:00,25.6,22.13576
2017-05-09 16:15:00,28.4,22.142002
2017-05-09 16:20:00,28.8,22.10623
2017-05-09 16:25:00,31.000000000000004,22.130997
2017-05-09 16:30:00,26.75,22.203657
2017-05-09 16:35:00,28.6,22.134247
2017-05-09 16:40:00,28.75,22.206612
2017-05-09 16:45:00,28.2,22.157394
2017-05-09 16:50:00,28.0,22.090778
2017-05-09 16:55:00,27.6,22.0409
2017-05-09 17:00:00,27.2,22.023502
2017-05-09 17:05:00,28.0,21.946053
2017-05-09 17:10:00,27.6,21.932018
2017-05-09 17:15:00,31.800000000000008,21.819061
2017-05-09 17:20:00,25.8,21.729954
2017-05-09 17:25:00,28.4,21.710722
2017-05-09 17:30:00,30.40000000000001,21.5971
2017-05-09 17:35:00,26.4,21.491182
2017-05-09 17:40:00,26.6,21.437283
2017-05-09 17:45:00,26.2,21.343779
2017-05-09 17:50:00,21.0,21.282179
2017-05-09 17:55:00,23.6,21.213379
2017-05-09 18:00:00,24.0,21.290392
2017-05-09 18:05:00,26.6,21.274094
2017-05-09 18:10:00,24.4,21.365229
2017-05-09 18:15:00,28.6,21.336466
2017-05-09 18:20:00,27.4,21.230547
2017-05-09 18:25:00,27.6,21.152258
2017-05-09 18:30:00,22.2,21.115257
2017-05-09 18:35:00,26.2,21.039795
2017-05-09 18:40:00,28.25,20.915344
2017-05-09 18:45:00,25.6,20.952026
2017-05-09 18:50:00,26.4,21.107391
2017-05-09 18:55:00,28.8,21.094866
2017-05-09 19:00:00,25.75,21.057402
2017-05-09 19:05:00,25.2,21.020723
2017-05-09 19:10:00,23.0,21.03419
2017-05-09 19:15:00,23.0,20.962994
2017-05-09 19:20:00,27.2,20.942368
2017-05-09 19:25:00,25.6,20.969376
2017-05-09 19:30:00,23.4,21.069565
2017-05-09 19:35:00,27.2,21.214928
2017-05-09 19:40:00,24.4,21.435366
2017-05-09 19:45:00,27.8,21.88036
2017-05-09 19:50:00,23.4,22.612015
2017-05-09 19:55:00,23.6,23.304829
2017-05-09 20:00:00,27.6,24.103157
2017-05-09 20:05:00,27.0,24.636192
2017-05-09 20:10:00,30.40000000000001,24.833656
2017-05-09 20:15:00,27.6,24.760767
2017-05-09 20:20:00,26.0,24.55819
2017-05-09 20:25:00,23.8,24.245438
2017-05-09 20:30:00,25.0,23.834787
2017-05-09 20:35:00,28.25,23.41625
2017-05-09 20:40:00,24.0,23.05298
2017-05-09 20:45:00,31.599999999999998,22.719135
2017-05-09 20:50:00,58.6,22.461878
2017-05-09 20:55:00,85.8,22.283836
2017-05-09 21:00:00,89.6,22.170996
2017-05-09 21:05:00,96.6,22.093369
2017-05-09 21:10:00,89.0,22.03515
2017-05-09 21:15:00,88.6,22.063856
2017-05-09 21:20:00,90.6,22.395077
2017-05-09 21:25:00,86.8,22.715672
2017-05-09 21:30:00,83.0,23.010946
2017-05-09 21:35:00,87.0,22.965193
2017-05-09 21:40:00,82.8,22.876513
2017-05-09 21:45:00,50.400000000000006,22.707756
2017-05-09 21:50:00,35.20000000000001,22.437061
2017-05-09 21:55:00,22.8,21.988775
2017-05-09 22:00:00,20.6,21.919178
2017-05-09 22:05:00,36.4,21.856672
2017-05-09 22:10:00,64.6,21.810253
2017-05-09 22:15:00,94.6,21.859116
2017-05-09 22:20:00,96.6,21.861399
2017-05-09 22:25:00,73.0,21.906807
2017-05-09 22:30:00,38.2,21.911589
2017-05-09 22:35:00,31.400000000000006,21.929949
2017-05-09 22:40:00,29.799999999999997,21.958782
2017-05-09 22:45:00,29.6,21.854517
2017-05-09 22:50:00,33.4,21.875505
2017-05-09 22:55:00,27.4,21.919867
2017-05-09 23:00:00,24.4,21.987747
2017-05-09 23:05:00,25.2,22.119398
2017-05-09 23:10:00,21.2,22.178968
2017-05-09 23:15:00,26.0,22.230333
2017-05-09 23:20:00,26.5,22.233677
2017-05-09 23:25:00,19.0,22.305918
2017-05-09 23:30:00,21.6,22.334343
2017-05-09 23:35:00,18.6,22.319372
2017-05-09 23:40:00,18.2,22.28814
2017-05-09 23:45:00,17.6,22.228783
2017-05-09 23:50:00,19.6,22.200497
2017-05-09 23:55:00,19.4,22.183931
2017-05-10 00:00:00,23.8,22.197996
2017-05-10 00:05:00,25.25,22.108673
2017-05-10 00:10:00,25.4,21.627874
2017-05-10 00:15:00,25.4,22.625147
2017-05-10 00:20:00,26.75,22.880255
2017-05-10 00:25:00,27.75,23.225954
2017-05-10 00:30:00,28.2,23.745762
2017-05-10 00:35:00,26.0,24.190817
2017-05-10 00:40:00,23.8,24.665419
2017-05-10 00:45:00,24.4,24.969515
2017-05-10 00:50:00,24.8,25.37392
2017-05-10 00:55:00,27.6,25.758982
2017-05-10 01:00:00,29.0,25.238268
2017-05-10 01:05:00,34.00000000000001,22.984634
2017-05-10 01:10:00,49.8,21.017725
2017-05-10 01:15:00,55.25000000000001,19.961485
2017-05-10 01:20:00,74.5,18.642752
2017-05-10 01:25:00,92.2,17.346436
2017-05-10 01:30:00,85.4,16.190825
2017-05-10 01:35:00,87.6,15.167581
2017-05-10 01:40:00,85.4,14.078421
2017-05-10 01:45:00,89.6,12.759532
2017-05-10 01:50:00,89.6,12.360927
2017-05-10 01:55:00,89.6,12.015045
2017-05-10 02:00:00,91.2,11.714431
2017-05-10 02:05:00,94.5,13.441066
2017-05-10 02:10:00,92.8,37.78658
2017-05-10 02:15:00,93.4,89.35089
2017-05-10 02:20:00,95.6,93.60158
2017-05-10 02:25:00,96.0,94.526306
2017-05-10 02:30:00,96.0,95.24134
2017-05-10 02:35:00,96.6,95.36262
2017-05-10 02:40:00,98.4,95.238594
2017-05-10 02:45:00,99.2,95.21459
2017-05-10 02:50:00,99.0,95.18223
2017-05-10 02:55:00,98.0,95.16124
2017-05-10 03:00:00,97.4,95.1792
2017-05-10 03:05:00,95.8,95.415436
2017-05-10 03:10:00,99.8,96.32903
2017-05-10 03:15:00,100.6,97.16922
2017-05-10 03:20:00,96.6,97.161995
2017-05-10 03:25:00,96.75,97.161835
2017-05-10 03:30:00,97.0,97.15944
2017-05-10 03:35:00,95.8,97.159386
2017-05-10 03:40:00,97.0,97.15294
2017-05-10 03:45:00,99.6,97.15064
2017-05-10 03:50:00,99.4,97.14777
2017-05-10 03:55:00,101.6,97.1465
2017-05-10 04:00:00,98.8,97.14587
2017-05-10 04:05:00,97.6,97.14415
2017-05-10 04:10:00,101.2,97.1433
2017-05-10 04:15:00,96.6,97.13897
2017-05-10 04:20:00,95.0,97.141914
2017-05-10 04:25:00,95.4,97.14774
2017-05-10 04:30:00,94.2,97.15422
2017-05-10 04:35:00,91.4,97.15953
2017-05-10 04:40:00,95.4,97.157364
2017-05-10 04:45:00,99.6,97.15142
2017-05-10 04:50:00,96.4,97.23165
2017-05-10 04:55:00,94.0,97.38084
2017-05-10 05:00:00,95.66666666666669,97.567635
2017-05-10 05:05:00,95.6,97.77803
2017-05-10 05:10:00,96.0,97.96616
2017-05-10 05:15:00,95.2,98.10904
2017-05-10 05:20:00,92.8,98.19609
2017-05-10 05:25:00,94.0,98.24131
2017-05-10 05:30:00,94.2,98.2463
2017-05-10 05:35:00,95.0,98.22696
2017-05-10 05:40:00,98.4,98.190636
2017-05-10 05:45:00,101.2,98.16022
2017-05-10 05:50:00,98.2,98.1186
2017-05-10 05:55:00,99.2,98.05665
2017-05-10 06:00:00,98.0,97.97678
2017-05-10 06:05:00,100.8,97.86416
2017-05-10 06:10:00,99.2,97.68169
2017-05-10 06:15:00,100.0,97.32978
2017-05-10 06:20:00,100.0,96.87537
2017-05-10 06:25:00,100.0,96.45887
2017-05-10 06:30:00,99.0,96.1519
2017-05-10 06:35:00,98.5,95.944496
2017-05-10 06:40:00,101.2,95.78857
2017-05-10 06:45:00,98.6,95.65592
2017-05-10 06:50:00,97.6,95.55785
2017-05-10 06:55:00,96.75,95.43733
2017-05-10 07:00:00,94.4,95.26462
2017-05-10 07:05:00,96.6,94.95193
2017-05-10 07:10:00,102.6,94.44435
2017-05-10 07:15:00,100.6,95.04306
2017-05-10 07:20:00,98.5,95.06458
2017-05-10 07:25:00,96.6,95.107925
2017-05-10 07:30:00,96.6,95.111115
2017-05-10 07:35:00,98.4,95.11673
2017-05-10 07:40:00,95.25,95.10491
2017-05-10 07:45:00,100.2,95.11259
2017-05-10 07:50:00,96.8,95.128944
2017-05-10 07:55:00,95.2,95.1352
2017-05-10 08:00:00,93.0,95.12384
2017-05-10 08:05:00,90.2,95.1168
2017-05-10 08:10:00,90.8,95.12955
2017-05-10 08:15:00,96.5,95.13137
2017-05-10 08:20:00,96.6,95.1201
2017-05-10 08:25:00,91.8,95.13437
2017-05-10 08:30:00,94.8,95.14469
2017-05-10 08:35:00,97.0,95.154274
2017-05-10 08:40:00,97.4,95.15619
2017-05-10 08:45:00,95.0,95.158485
2017-05-10 08:50:00,98.0,94.75967
2017-05-10 08:55:00,95.0,94.12706
2017-05-10 09:00:00,98.0,93.350914
2017-05-10 09:05:00,97.2,92.45485
2017-05-10 09:10:00,92.6,91.5893
2017-05-10 09:15:00,94.0,90.789055
2017-05-10 09:20:00,89.0,90.13928
2017-05-10 09:25:00,89.2,89.444374
2017-05-10 09:30:00,88.4,88.76649
2017-05-10 09:35:00,88.33333333333331,88.041885
2017-05-10 09:40:00,91.8,87.33851
2017-05-10 09:45:00,93.25,86.5958
2017-05-10 09:50:00,89.2,85.800606
2017-05-10 09:55:00,89.8,85.02574
2017-05-10 10:00:00,89.0,84.26067
2017-05-10 10:05:00,90.2,83.52179
2017-05-10 10:10:00,92.6,82.75912
2017-05-10 10:15:00,89.0,81.9836
2017-05-10 10:20:00,87.4,81.185844
2017-05-10 10:25:00,87.5,80.49278
2017-05-10 10:30:00,86.0,80.3742
2017-05-10 10:35:00,87.5,80.85152
2017-05-10 10:40:00,87.4,81.751595
2017-05-10 10:45:00,89.2,82.87303
2017-05-10 10:50:00,90.0,83.99282
2017-05-10 10:55:00,92.2,84.779724
2017-05-10 11:00:00,89.2,84.98337
2017-05-10 11:05:00,89.0,84.395905
2017-05-10 11:10:00,79.4,77.58833
2017-05-10 11:15:00,70.8,52.444466
2017-05-10 11:20:00,76.4,41.83128
2017-05-10 11:25:00,73.6,35.730145
2017-05-10 11:30:00,64.6,35.674767
2017-05-10 11:35:00,75.6,41.18227
2017-05-10 11:40:00,82.0,27.488657
2017-05-10 11:45:00,88.4,21.107134
2017-05-10 11:50:00,88.0,19.58894
2017-05-10 11:55:00,87.2,21.080057
2017-05-10 12:00:00,85.5,21.767591
2017-05-10 12:05:00,87.0,22.734983
2017-05-10 12:10:00,84.0,24.46299
2017-05-10 12:15:00,81.6,25.015083
2017-05-10 12:20:00,80.5,24.303598
2017-05-10 12:25:00,81.4,24.091871
2017-05-10 12:30:00,79.2,24.491627
2017-05-10 12:35:00,80.2,24.920958
2017-05-10 12:40:00,70.25,24.125174
2017-05-10 12:45:00,53.0,22.809683
2017-05-10 12:50:00,37.2,21.867453
2017-05-10 12:55:00,37.8,21.44743
2017-05-10 13:00:00,31.800000000000008,21.338924
2017-05-10 13:05:00,30.800000000000008,21.309565
2017-05-10 13:10:00,23.2,21.034056
2017-05-10 13:15:00,17.0,20.81526
2017-05-10 13:20:00,13.4,20.841959
2017-05-10 13:25:00,12.6,20.897789
2017-05-10 13:30:00,15.200000000000001,20.955452
2017-05-10 13:35:00,21.0,21.033197
2017-05-10 13:40:00,19.8,21.117058
2017-05-10 13:45:00,19.2,21.093838
2017-05-10 13:50:00,19.0,21.096176
2017-05-10 13:55:00,19.5,21.11354
2017-05-10 14:00:00,17.4,21.165403
2017-05-10 14:05:00,20.4,21.252003
2017-05-10 14:10:00,27.4,21.335178
2017-05-10 14:15:00,25.8,21.474289
2017-05-10 14:20:00,29.399999999999995,21.469467
2017-05-10 14:25:00,29.0,21.445904
2017-05-10 14:30:00,35.800000000000004,21.512077
2017-05-10 14:35:00,35.5,21.542171
2017-05-10 14:40:00,29.6,21.517202
2017-05-10 14:45:00,38.400000000000006,21.492918
2017-05-10 14:50:00,40.4,21.44769
2017-05-10 14:55:00,29.6,21.423347
2017-05-10 15:00:00,37.0,21.418331
2017-05-10 15:05:00,35.800000000000004,21.396593
2017-05-10 15:10:00,24.8,21.394085
2017-05-10 15:15:00,38.00000000000001,21.402308
2017-05-10 15:20:00,31.199999999999996,21.471943
2017-05-10 15:25:00,30.6,21.434393
2017-05-10 15:30:00,27.25,21.380552
2017-05-10 15:35:00,27.6,21.360008
2017-05-10 15:40:00,29.0,21.392605
2017-05-10 15:45:00,30.000000000000004,21.395515
2017-05-10 15:50:00,30.000000000000004,21.397331
2017-05-10 15:55:00,29.25,21.317055
2017-05-10 16:00:00,29.0,21.378756
2017-05-10 16:05:00,32.20000000000001,21.405058
2017-05-10 16:10:00,36.20000000000001,21.397621
2017-05-10 16:15:00,35.400000000000006,21.345835
2017-05-10 16:20:00,33.60000000000001,21.384691
2017-05-10 16:25:00,32.800000000000004,21.381369
2017-05-10 16:30:00,29.0,21.466305
2017-05-10 16:35:00,32.0,21.558578
2017-05-10 16:40:00,32.4,21.420841
2017-05-10 16:45:00,35.6,21.481592
2017-05-10 16:50:00,28.6,21.566612
2017-05-10 16:55:00,27.6,21.378868
2017-05-10 17:00:00,29.749999999999996,21.273584
2017-05-10 17:05:00,30.000000000000004,21.372698
2017-05-10 17:10:00,34.8,21.603691
2017-05-10 17:15:00,38.2,22.138346
2017-05-10 17:20:00,30.6,21.589586
2017-05-10 17:25:00,31.199999999999996,21.712162
2017-05-10 17:30:00,28.4,21.608547
2017-05-10 17:35:00,23.6,21.306787
2017-05-10 17:40:00,33.0,21.289886
2017-05-10 17:45:00,30.40000000000001,21.130276
2017-05-10 17:50:00,27.4,21.229244
2017-05-10 17:55:00,38.25,20.79714
2017-05-10 18:00:00,36.800000000000004,20.762335
2017-05-10 18:05:00,29.399999999999995,20.723967
2017-05-10 18:10:00,27.6,20.523525
2017-05-10 18:15:00,26.2,20.477407
2017-05-10 18:20:00,31.400000000000006,20.551126
2017-05-10 18:25:00,25.8,20.813784
2017-05-10 18:30:00,33.2,21.388073
2017-05-10 18:35:00,32.4,21.530884
2017-05-10 18:40:00,32.0,21.72483
2017-05-10 18:45:00,30.199999999999996,21.99371
2017-05-10 18:50:00,31.333333333333325,21.713814
2017-05-10 18:55:00,30.000000000000004,21.53322
2017-05-10 19:00:00,28.0,21.676107
2017-05-10 19:05:00,27.8,21.654844
2017-05-10 19:10:00,29.2,22.048494
2017-05-10 19:15:00,31.000000000000004,21.801641
2017-05-10 19:20:00,32.60000000000001,22.264482
2017-05-10 19:25:00,34.2,22.615755
2017-05-10 19:30:00,52.60000000000001,22.336521
2017-05-10 19:35:00,80.4,21.715563
2017-05-10 19:40:00,86.0,21.069893
2017-05-10 19:45:00,87.2,20.483341
2017-05-10 19:50:00,96.0,19.995024
2017-05-10 19:55:00,94.6,19.541222
2017-05-10 20:00:00,83.8,19.089565
2017-05-10 20:05:00,86.0,18.731081
2017-05-10 20:10:00,91.8,18.45563
2017-05-10 20:15:00,99.2,18.239891
2017-05-10 20:20:00,110.2,18.061577
2017-05-10 20:25:00,54.8,17.917011
2017-05-10 20:30:00,34.400000000000006,17.818058
2017-05-10 20:35:00,32.4,17.819002
2017-05-10 20:40:00,31.400000000000006,17.845112
2017-05-10 20:45:00,31.000000000000004,17.891575
2017-05-10 20:50:00,29.6,17.950214
2017-05-10 20:55:00,30.500000000000004,18.013733
2017-05-10 21:00:00,36.60000000000001,18.029552
2017-05-10 21:05:00,76.8,18.031775
2017-05-10 21:10:00,84.2,18.019497
2017-05-10 21:15:00,88.4,18.005579
2017-05-10 21:20:00,87.2,18.000387
2017-05-10 21:25:00,87.4,17.968431
2017-05-10 21:30:00,89.2,17.939667
2017-05-10 21:35:00,85.0,17.929605
2017-05-10 21:40:00,89.66666666666669,17.902596
2017-05-10 21:45:00,85.2,17.873112
2017-05-10 21:50:00,84.6,17.895206
2017-05-10 21:55:00,78.4,17.98775
2017-05-10 22:00:00,82.6,18.138247
2017-05-10 22:05:00,85.4,18.29233
2017-05-10 22:10:00,81.0,18.490007
2017-05-10 22:15:00,79.66666666666667,18.660818
2017-05-10 22:20:00,65.6,18.799965
2017-05-10 22:25:00,46.2,18.92639
2017-05-10 22:30:00,33.2,19.040068
2017-05-10 22:35:00,27.4,19.08832
2017-05-10 22:40:00,28.4,19.09559
2017-05-10 22:45:00,25.8,19.109272
2017-05-10 22:50:00,25.0,19.17537
2017-05-10 22:55:00,33.8,19.28784
2017-05-10 23:00:00,31.199999999999996,19.389668
2017-05-10 23:05:00,31.800000000000008,19.472954
2017-05-10 23:10:00,32.0,19.604914
2017-05-10 23:15:00,25.2,19.75112
2017-05-10 23:20:00,24.2,19.904387
2017-05-10 23:25:00,29.749999999999996,19.976181
2017-05-10 23:30:00,24.0,19.70282
2017-05-10 23:35:00,23.2,18.788025
2017-05-10 23:40:00,23.4,17.453947
2017-05-10 23:45:00,26.6,16.408
2017-05-10 23:50:00,23.0,16.050478
2017-05-10 23:55:00,15.0,16.18071
2017-05-11 00:00:00,13.6,16.590609
2017-05-11 00:05:00,16.6,17.238651
2017-05-11 00:10:00,24.0,18.164915
2017-05-11 00:15:00,20.0,19.147146
2017-05-11 00:20:00,18.0,19.411522
2017-05-11 00:25:00,21.4,20.267557
2017-05-11 00:30:00,24.0,21.41724
2017-05-11 00:35:00,25.4,21.879282
2017-05-11 00:40:00,25.0,21.931314
2017-05-11 00:45:00,21.4,21.874186
2017-05-11 00:50:00,22.4,22.035273
2017-05-11 00:55:00,22.2,22.377293
2017-05-11 01:00:00,24.8,22.91311
2017-05-11 01:05:00,26.0,23.857412
2017-05-11 01:10:00,27.2,26.418411
2017-05-11 01:15:00,24.2,34.20989
2017-05-11 01:20:00,22.6,55.478485
2017-05-11 01:25:00,18.5,73.4291
2017-05-11 01:30:00,24.2,80.72725
2017-05-11 01:35:00,23.6,84.9944
2017-05-11 01:40:00,22.25,87.98232
2017-05-11 01:45:00,24.8,90.13575
2017-05-11 01:50:00,23.6,91.36568
2017-05-11 01:55:00,21.8,91.84858
2017-05-11 02:00:00,27.0,91.86894
2017-05-11 02:05:00,28.4,91.52696
2017-05-11 02:10:00,66.8,91.60257
2017-05-11 02:15:00,87.8,92.40094
2017-05-11 02:20:00,87.25,93.45377
2017-05-11 02:25:00,89.6,94.049324
2017-05-11 02:30:00,89.2,94.02329
2017-05-11 02:35:00,91.0,93.98733
2017-05-11 02:40:00,97.2,94.03868
2017-05-11 02:45:00,93.6,94.06503
2017-05-11 02:50:00,89.2,94.109245
2017-05-11 02:55:00,96.0,94.157364
2017-05-11 03:00:00,97.8,94.22255
2017-05-11 03:05:00,96.8,94.52637
2017-05-11 03:10:00,93.4,95.24254
2017-05-11 03:15:00,93.0,96.04793
2017-05-11 03:20:00,96.66666666666669,96.05265
2017-05-11 03:25:00,92.6,96.04864
2017-05-11 03:30:00,95.4,96.04284
2017-05-11 03:35:00,95.4,96.03605
2017-05-11 03:40:00,92.0,96.0269
2017-05-11 03:45:00,93.6,96.014366
2017-05-11 03:50:00,91.8,96.002335
2017-05-11 03:55:00,90.8,96.002655
2017-05-11 04:00:00,93.4,96.017914
2017-05-11 04:05:00,91.8,96.03391
2017-05-11 04:10:00,93.2,96.040276
2017-05-11 04:15:00,90.6,96.05627
2017-05-11 04:20:00,92.0,96.06103
2017-05-11 04:25:00,94.0,96.06495
2017-05-11 04:30:00,95.4,96.06413
2017-05-11 04:35:00,94.6,96.067535
2017-05-11 04:40:00,95.2,96.06417
2017-05-11 04:45:00,90.6,96.05141
2017-05-11 04:50:00,91.2,96.194595
2017-05-11 04:55:00,91.0,96.438034
2017-05-11 05:00:00,93.8,96.726295
2017-05-11 05:05:00,95.2,97.02145
2017-05-11 05:10:00,98.8,97.26582
2017-05-11 05:15:00,93.0,97.46108
2017-05-11 05:20:00,96.4,97.59233
2017-05-11 05:25:00,98.2,97.70107
2017-05-11 05:30:00,100.0,97.75486
2017-05-11 05:35:00,101.8,97.787346
2017-05-11 05:40:00,99.75,97.78462
2017-05-11 05:45:00,97.4,97.78746
2017-05-11 05:50:00,98.4,97.77389
2017-05-11 05:55:00,97.4,97.75155
2017-05-11 06:00:00,96.2,97.74211
2017-05-11 06:05:00,96.2,97.71485
2017-05-11 06:10:00,92.2,97.66677
2017-05-11 06:15:00,99.2,97.56943
2017-05-11 06:20:00,98.4,97.40843
2017-05-11 06:25:00,96.4,97.216675
2017-05-11 06:30:00,98.8,97.02518
2017-05-11 06:35:00,96.8,96.87084
2017-05-11 06:40:00,95.75,96.746056
2017-05-11 06:45:00,96.6,96.638794
2017-05-11 06:50:00,99.0,96.55127
2017-05-11 06:55:00,100.4,96.41719
2017-05-11 07:00:00,100.0,96.214806
2017-05-11 07:05:00,102.0,95.877914
2017-05-11 07:10:00,99.2,95.493675
2017-05-11 07:15:00,96.0,96.110214
2017-05-11 07:20:00,94.6,96.109856
2017-05-11 07:25:00,94.2,96.1088
2017-05-11 07:30:00,95.25,96.10808
2017-05-11 07:35:00,96.0,96.11295
2017-05-11 07:40:00,95.4,96.12074
2017-05-11 07:45:00,96.2,96.12908
2017-05-11 07:50:00,96.6,96.13511
2017-05-11 07:55:00,98.0,96.12757
2017-05-11 08:00:00,97.5,96.119865
2017-05-11 08:05:00,95.4,96.128365
2017-05-11 08:10:00,96.2,96.13537
2017-05-11 08:15:00,95.8,96.14433
2017-05-11 08:20:00,96.8,96.15154
2017-05-11 08:25:00,99.2,96.14955
2017-05-11 08:30:00,100.2,96.14345
2017-05-11 08:35:00,95.0,96.13671
2017-05-11 08:40:00,99.2,96.134995
2017-05-11 08:45:00,98.6,96.13706
2017-05-11 08:50:00,94.0,95.77218
2017-05-11 08:55:00,90.6,95.13978
2017-05-11 09:00:00,95.6,94.35473
2017-05-11 09:05:00,92.6,93.51985
2017-05-11 09:10:00,97.0,92.77101
2017-05-11 09:15:00,96.6,92.133644
2017-05-11 09:20:00,93.4,91.630875
2017-05-11 09:25:00,92.5,91.14552
2017-05-11 09:30:00,90.8,90.67476
2017-05-11 09:35:00,90.0,90.15434
2017-05-11 09:40:00,92.0,89.60625
2017-05-11 09:45:00,91.6,88.97102
2017-05-11 09:50:00,90.4,88.23804
2017-05-11 09:55:00,100.0,87.4357
2017-05-11 10:00:00,93.2,86.5381
2017-05-11 10:05:00,92.4,85.68235
2017-05-11 10:10:00,86.4,84.91658
2017-05-11 10:15:00,85.8,84.36945
2017-05-11 10:20:00,89.5,84.12137
2017-05-11 10:25:00,90.8,84.17188
2017-05-11 10:30:00,92.8,84.4401
2017-05-11 10:35:00,91.4,84.78695
2017-05-11 10:40:00,91.5,85.07607
2017-05-11 10:45:00,89.0,85.18183
2017-05-11 10:50:00,90.8,85.05426
2017-05-11 10:55:00,86.4,84.71177
2017-05-11 11:00:00,86.0,84.28974
2017-05-11 11:05:00,90.8,83.983185
2017-05-11 11:10:00,88.6,83.85492
2017-05-11 11:15:00,87.0,83.78599
2017-05-11 11:20:00,87.6,83.66494
2017-05-11 11:25:00,87.0,83.191124
2017-05-11 11:30:00,84.4,77.276726
2017-05-11 11:35:00,86.8,62.932087
2017-05-11 11:40:00,89.0,46.83555
2017-05-11 11:45:00,89.2,36.41939
2017-05-11 11:50:00,88.2,32.82807
2017-05-11 11:55:00,89.0,32.095325
2017-05-11 12:00:00,84.4,31.971643
2017-05-11 12:05:00,83.6,31.47411
2017-05-11 12:10:00,87.6,31.100098
2017-05-11 12:15:00,87.5,30.701832
2017-05-11 12:20:00,84.25,31.800863
2017-05-11 12:25:00,85.33333333333333,35.342453
2017-05-11 12:30:00,85.0,36.02818
2017-05-11 12:35:00,84.2,32.668613
2017-05-11 12:40:00,84.6,30.323874
2017-05-11 12:45:00,83.6,28.976933
2017-05-11 12:50:00,81.5,27.289577
2017-05-11 12:55:00,81.0,25.878946
2017-05-11 13:00:00,81.8,25.64626
2017-05-11 13:05:00,84.4,25.515646
2017-05-11 13:10:00,85.8,24.90741
2017-05-11 13:15:00,84.0,24.089878
2017-05-11 13:20:00,81.0,23.389856
2017-05-11 13:25:00,77.6,23.146688
2017-05-11 13:30:00,82.0,23.66214
2017-05-11 13:35:00,78.2,24.775084
2017-05-11 13:40:00,79.8,25.306839
2017-05-11 13:45:00,80.2,25.165691
2017-05-11 13:50:00,79.6,24.407154
2017-05-11 13:55:00,86.0,23.65671
2017-05-11 14:00:00,82.8,23.598902
2017-05-11 14:05:00,78.8,23.559835
2017-05-11 14:10:00,71.4,23.49992
2017-05-11 14:15:00,67.0,23.432417
2017-05-11 14:20:00,43.0,23.367022
2017-05-11 14:25:00,31.800000000000008,23.398159
2017-05-11 14:30:00,32.60000000000001,23.474531
2017-05-11 14:35:00,31.199999999999996,23.616959
2017-05-11 14:40:00,27.0,23.833048
2017-05-11 14:45:00,23.8,24.06112
2017-05-11 14:50:00,23.0,24.276434
2017-05-11 14:55:00,23.8,24.268646
2017-05-11 15:00:00,22.8,22.650497
2017-05-11 15:05:00,24.4,21.530687
2017-05-11 15:10:00,21.75,21.311241
2017-05-11 15:15:00,21.8,21.25268
2017-05-11 15:20:00,27.8,24.270334
2017-05-11 15:25:00,26.4,24.985275
2017-05-11 15:30:00,33.0,23.565521
2017-05-11 15:35:00,29.2,23.395142
2017-05-11 15:40:00,26.2,23.730322
2017-05-11 15:45:00,29.399999999999995,24.629335
2017-05-11 15:50:00,28.0,23.874683
2017-05-11 15:55:00,28.2,23.946661
2017-05-11 16:00:00,30.199999999999996,25.311138
2017-05-11 16:05:00,28.2,25.79535
2017-05-11 16:10:00,26.4,25.971844
2017-05-11 16:15:00,36.60000000000001,26.064785
2017-05-11 16:20:00,36.20000000000001,26.213558
2017-05-11 16:25:00,29.6,26.28794
2017-05-11 16:30:00,27.8,26.03358
2017-05-11 16:35:00,24.2,26.016308
2017-05-11 16:40:00,22.6,26.039633
2017-05-11 16:45:00,27.6,25.96804
2017-05-11 16:50:00,30.6,25.913383
2017-05-11 16:55:00,31.199999999999996,25.942902
2017-05-11 17:00:00,35.0,26.182455
2017-05-11 17:05:00,25.8,26.33706
2017-05-11 17:10:00,28.0,26.525738
2017-05-11 17:15:00,24.0,26.291018
2017-05-11 17:20:00,31.25000000000001,25.733475
2017-05-11 17:25:00,35.6,25.046038
2017-05-11 17:30:00,40.0,24.202847
2017-05-11 17:35:00,40.4,23.766077
2017-05-11 17:40:00,47.800000000000004,23.728777
2017-05-11 17:45:00,74.2,23.80528
2017-05-11 17:50:00,76.6,24.074368
2017-05-11 17:55:00,71.6,24.424162
2017-05-11 18:00:00,49.0,24.64742
2017-05-11 18:05:00,47.20000000000001,24.952261
2017-05-11 18:10:00,33.8,25.277342
2017-05-11 18:15:00,35.20000000000001,25.603596
2017-05-11 18:20:00,30.749999999999996,25.99689
2017-05-11 18:25:00,27.0,26.399014
2017-05-11 18:30:00,27.8,26.771969
2017-05-11 18:35:00,29.799999999999997,27.031225
2017-05-11 18:40:00,28.25,27.2457
2017-05-11 18:45:00,29.0,27.455748
2017-05-11 18:50:00,28.2,27.637743
2017-05-11 18:55:00,29.399999999999995,27.65883
2017-05-11 19:00:00,29.2,27.603348
2017-05-11 19:05:00,32.0,27.61205
2017-05-11 19:10:00,30.000000000000004,27.735668
2017-05-11 19:15:00,31.000000000000004,27.909267
2017-05-11 19:20:00,30.199999999999996,27.998508
2017-05-11 19:25:00,40.0,27.777813
2017-05-11 19:30:00,44.60000000000001,27.384556
2017-05-11 19:35:00,49.8,26.91539
2017-05-11 19:40:00,74.25,26.288883
2017-05-11 19:45:00,90.0,25.429438
2017-05-11 19:50:00,86.6,24.255638
2017-05-11 19:55:00,89.6,22.922344
2017-05-11 20:00:00,91.8,21.996094
2017-05-11 20:05:00,91.2,21.565779
2017-05-11 20:10:00,97.4,21.424425
2017-05-11 20:15:00,103.0,21.140789
2017-05-11 20:20:00,96.0,20.834387
2017-05-11 20:25:00,91.2,20.759563
2017-05-11 20:30:00,94.4,20.762594
2017-05-11 20:35:00,95.8,20.772707
2017-05-11 20:40:00,93.0,20.786951
2017-05-11 20:45:00,96.0,20.819357
2017-05-11 20:50:00,91.6,20.865332
2017-05-11 20:55:00,96.2,20.888346
2017-05-11 21:00:00,92.4,20.900381
2017-05-11 21:05:00,95.8,20.90553
2017-05-11 21:10:00,89.8,20.896164
2017-05-11 21:15:00,93.4,20.891903
2017-05-11 21:20:00,93.2,20.92301
2017-05-11 21:25:00,91.2,20.995321
2017-05-11 21:30:00,92.0,21.100122
2017-05-11 21:35:00,88.0,21.192348
2017-05-11 21:40:00,84.25,21.239841
2017-05-11 21:45:00,82.0,21.274052
2017-05-11 21:50:00,79.6,21.501297
2017-05-11 21:55:00,81.2,21.845753
2017-05-11 22:00:00,78.4,22.09411
2017-05-11 22:05:00,80.2,22.066097
2017-05-11 22:10:00,78.8,21.840603
2017-05-11 22:15:00,72.0,21.578379
2017-05-11 22:20:00,59.0,21.35967
2017-05-11 22:25:00,39.20000000000001,21.32882
2017-05-11 22:30:00,35.0,21.423449
2017-05-11 22:35:00,34.6,21.615326
2017-05-11 22:40:00,35.6,21.92968
2017-05-11 22:45:00,32.0,22.157526
2017-05-11 22:50:00,30.6,22.171967
2017-05-11 22:55:00,25.25,22.031675
2017-05-11 23:00:00,20.6,21.897558
2017-05-11 23:05:00,25.8,21.849611
2017-05-11 23:10:00,26.8,21.802488
2017-05-11 23:15:00,32.20000000000001,21.724617
2017-05-11 23:20:00,28.8,21.634867
2017-05-11 23:25:00,24.6,21.537298
2017-05-11 23:30:00,25.4,21.430908
2017-05-11 23:35:00,46.00000000000001,21.326328
2017-05-11 23:40:00,37.0,21.233034
2017-05-11 23:45:00,34.400000000000006,21.199492
2017-05-11 23:50:00,23.4,21.166985
2017-05-11 23:55:00,25.8,21.118576
2017-05-12 00:00:00,21.5,21.07744
2017-05-12 00:05:00,21.4,21.041296
2017-05-12 00:10:00,25.2,21.039469
2017-05-12 00:15:00,22.8,21.235344
2017-05-12 00:20:00,26.2,21.35057
2017-05-12 00:25:00,24.4,21.523668
2017-05-12 00:30:00,23.2,21.757303
2017-05-12 00:35:00,30.249999999999996,22.031553
2017-05-12 00:40:00,22.6,22.354586
2017-05-12 00:45:00,19.6,22.397303
2017-05-12 00:50:00,32.4,22.686972
2017-05-12 00:55:00,31.800000000000008,23.798082
2017-05-12 01:00:00,31.199999999999996,36.56547
2017-05-12 01:05:00,30.6,88.32546
2017-05-12 01:10:00,26.8,89.797714
2017-05-12 01:15:00,21.4,91.94929
2017-05-12 01:20:00,22.2,92.72103
2017-05-12 01:25:00,30.6,93.34151
2017-05-12 01:30:00,35.400000000000006,93.90476
2017-05-12 01:35:00,37.0,94.35387
2017-05-12 01:40:00,37.60000000000001,94.477776
2017-05-12 01:45:00,48.4,94.5263
2017-05-12 01:50:00,89.4,94.81005
2017-05-12 01:55:00,87.4,95.22029
2017-05-12 02:00:00,93.0,95.56571
2017-05-12 02:05:00,92.6,95.756836
2017-05-12 02:10:00,104.75,95.88834
2017-05-12 02:15:00,96.4,96.007454
2017-05-12 02:20:00,97.0,96.132904
2017-05-12 02:25:00,104.2,96.24723
2017-05-12 02:30:00,95.2,96.35517
2017-05-12 02:35:00,101.8,96.46139
2017-05-12 02:40:00,94.6,96.57185
2017-05-12 02:45:00,95.0,96.66509
2017-05-12 02:50:00,97.75,96.76614
2017-05-12 02:55:00,97.2,96.87342
2017-05-12 03:00:00,97.4,96.96214
2017-05-12 03:05:00,95.0,97.06792
2017-05-12 03:10:00,92.8,97.25464
2017-05-12 03:15:00,91.4,97.53042
2017-05-12 03:20:00,93.6,97.52957
2017-05-12 03:25:00,95.6,97.52638
2017-05-12 03:30:00,93.2,97.52259
2017-05-12 03:35:00,84.2,97.51926
2017-05-12 03:40:00,87.6,97.51484
2017-05-12 03:45:00,89.0,97.51189
2017-05-12 03:50:00,89.0,97.50636
2017-05-12 03:55:00,86.8,97.50232
2017-05-12 04:00:00,87.8,97.50437
2017-05-12 04:05:00,89.2,97.5073
2017-05-12 04:10:00,92.8,97.50897
2017-05-12 04:15:00,92.4,97.51121
2017-05-12 04:20:00,96.0,97.51331
2017-05-12 04:25:00,91.8,97.51487
2017-05-12 04:30:00,92.0,97.51594
2017-05-12 04:35:00,90.8,97.516556
2017-05-12 04:40:00,97.2,97.51751
2017-05-12 04:45:00,94.8,97.520134
2017-05-12 04:50:00,97.4,97.595535
2017-05-12 04:55:00,97.66666666666669,97.70102
2017-05-12 05:00:00,105.2,97.82038
2017-05-12 05:05:00,97.8,97.94125
2017-05-12 05:10:00,102.6,98.04455
2017-05-12 05:15:00,105.8,98.12818
2017-05-12 05:20:00,99.2,98.18741
2017-05-12 05:25:00,93.8,98.22947
2017-05-12 05:30:00,94.2,98.243835
2017-05-12 05:35:00,96.0,98.2372
2017-05-12 05:40:00,99.8,98.208305
2017-05-12 05:45:00,104.4,98.17664
2017-05-12 05:50:00,100.0,98.132576
2017-05-12 05:55:00,96.0,98.07837
2017-05-12 06:00:00,97.6,98.01645
2017-05-12 06:05:00,99.6,97.89843
2017-05-12 06:10:00,95.2,97.642746
2017-05-12 06:15:00,97.0,97.21578
2017-05-12 06:20:00,99.0,96.58199
2017-05-12 06:25:00,95.0,95.563576
2017-05-12 06:30:00,92.0,93.96395
2017-05-12 06:35:00,92.6,92.55789
2017-05-12 06:40:00,92.2,91.8038
2017-05-12 06:45:00,87.6,91.40184
2017-05-12 06:50:00,85.6,91.16828
2017-05-12 06:55:00,86.0,91.01751
2017-05-12 07:00:00,87.8,90.89321
2017-05-12 07:05:00,89.2,90.71422
2017-05-12 07:10:00,86.4,90.54296
2017-05-12 07:15:00,88.0,90.61941
2017-05-12 07:20:00,84.66666666666667,90.60282
2017-05-12 07:25:00,82.2,90.59698
2017-05-12 07:30:00,85.4,90.591064
2017-05-12 07:35:00,87.4,90.58759
2017-05-12 07:40:00,86.6,90.58779
2017-05-12 07:45:00,85.4,90.59105
2017-05-12 07:50:00,84.6,90.59471
2017-05-12 07:55:00,87.6,90.59786
2017-05-12 08:00:00,87.2,90.60073
2017-05-12 08:05:00,89.6,90.597786
2017-05-12 08:10:00,86.25,90.606674
2017-05-12 08:15:00,89.0,90.61709
2017-05-12 08:20:00,88.8,90.6259
2017-05-12 08:25:00,92.2,90.640656
2017-05-12 08:30:00,95.8,90.650894
2017-05-12 08:35:00,94.6,90.6707
2017-05-12 08:40:00,92.6,90.690216
2017-05-12 08:45:00,91.6,90.693565
2017-05-12 08:50:00,88.8,90.68652
2017-05-12 08:55:00,88.4,90.69727
2017-05-12 09:00:00,91.8,90.69232
2017-05-12 09:05:00,91.25,90.6805
2017-05-12 09:10:00,89.8,90.65798
2017-05-12 09:15:00,88.2,90.61592
2017-05-12 09:20:00,87.6,90.57207
2017-05-12 09:25:00,89.0,90.51052
2017-05-12 09:30:00,84.6,90.45021
2017-05-12 09:35:00,84.8,90.38764
2017-05-12 09:40:00,90.6,90.33501
2017-05-12 09:45:00,92.8,90.282875
2017-05-12 09:50:00,89.0,90.23973
2017-05-12 09:55:00,91.4,90.20614
2017-05-12 10:00:00,89.4,90.187836
2017-05-12 10:05:00,92.6,90.167336
2017-05-12 10:10:00,95.0,90.12813
2017-05-12 10:15:00,92.0,90.1003
2017-05-12 10:20:00,90.0,90.07368
2017-05-12 10:25:00,91.0,90.05017
2017-05-12 10:30:00,90.0,90.03053
2017-05-12 10:35:00,89.2,90.007645
2017-05-12 10:40:00,88.0,90.0005
2017-05-12 10:45:00,89.2,90.00909
2017-05-12 10:50:00,91.0,89.98087
2017-05-12 10:55:00,91.8,89.90581
2017-05-12 11:00:00,88.6,89.74544
2017-05-12 11:05:00,89.2,89.200806
2017-05-12 11:10:00,89.0,87.01877
2017-05-12 11:15:00,89.2,86.10211
2017-05-12 11:20:00,90.75,86.0915
2017-05-12 11:25:00,90.8,86.06539
2017-05-12 11:30:00,88.6,86.01216
2017-05-12 11:35:00,89.0,85.9937
2017-05-12 11:40:00,86.0,85.97739
2017-05-12 11:45:00,87.6,85.9581
2017-05-12 11:50:00,87.0,85.960106
2017-05-12 11:55:00,89.25,85.957565
2017-05-12 12:00:00,89.8,85.950386
2017-05-12 12:05:00,86.6,85.9247
2017-05-12 12:10:00,89.8,85.93662
2017-05-12 12:15:00,84.6,85.93478
2017-05-12 12:20:00,81.0,85.91853
2017-05-12 12:25:00,88.8,85.903534
2017-05-12 12:30:00,88.8,85.92765
2017-05-12 12:35:00,82.2,85.9321
2017-05-12 12:40:00,88.0,85.94727
2017-05-12 12:45:00,85.4,85.982506
2017-05-12 12:50:00,82.8,85.56566
2017-05-12 12:55:00,84.2,79.24817
2017-05-12 13:00:00,82.2,63.875256
2017-05-12 13:05:00,85.4,51.83647
2017-05-12 13:10:00,84.4,42.716373
2017-05-12 13:15:00,81.5,37.242477
2017-05-12 13:20:00,84.4,35.29363
2017-05-12 13:25:00,82.0,33.92449
2017-05-12 13:30:00,83.0,32.503315
2017-05-12 13:35:00,87.5,30.856236
2017-05-12 13:40:00,89.0,29.388971
2017-05-12 13:45:00,85.0,27.936073
2017-05-12 13:50:00,84.6,26.686203
2017-05-12 13:55:00,86.8,26.812246
2017-05-12 14:00:00,88.2,26.806126
2017-05-12 14:05:00,90.2,26.708923
2017-05-12 14:10:00,84.2,27.679039
2017-05-12 14:15:00,84.8,28.21181
2017-05-12 14:20:00,84.2,27.625559
2017-05-12 14:25:00,84.6,27.455643
2017-05-12 14:30:00,84.2,28.297739
2017-05-12 14:35:00,83.0,28.07381
2017-05-12 14:40:00,83.6,26.799763
2017-05-12 14:45:00,84.2,24.36455
2017-05-12 14:50:00,83.0,23.005175
2017-05-12 14:55:00,81.2,23.57819
2017-05-12 15:00:00,75.4,23.37484
2017-05-12 15:05:00,74.6,22.680923
2017-05-12 15:10:00,56.4,22.218771
2017-05-12 15:15:00,40.60000000000001,21.936693
2017-05-12 15:20:00,33.0,21.92567
2017-05-12 15:25:00,32.25000000000001,21.912683
2017-05-12 15:30:00,34.8,21.94435
2017-05-12 15:35:00,33.60000000000001,21.960808
2017-05-12 15:40:00,26.0,22.000498
2017-05-12 15:45:00,29.0,22.05956
2017-05-12 15:50:00,27.6,22.103086
2017-05-12 15:55:00,32.20000000000001,22.055609
2017-05-12 16:00:00,32.4,22.059195
2017-05-12 16:05:00,28.2,22.046753
2017-05-12 16:10:00,27.4,22.000961
2017-05-12 16:15:00,28.2,21.84248
2017-05-12 16:20:00,32.0,21.822964
2017-05-12 16:25:00,28.6,21.824562
2017-05-12 16:30:00,33.4,21.893873
2017-05-12 16:35:00,33.8,22.047146
2017-05-12 16:40:00,32.4,22.19413
2017-05-12 16:45:00,30.6,22.312683
2017-05-12 16:50:00,35.6,22.310482
2017-05-12 16:55:00,30.749999999999996,22.243626
2017-05-12 17:00:00,23.2,22.192268
2017-05-12 17:05:00,23.6,22.012232
2017-05-12 17:10:00,29.6,21.951883
2017-05-12 17:15:00,29.6,21.946589
2017-05-12 17:20:00,26.2,21.883106
2017-05-12 17:25:00,27.0,21.82324
2017-05-12 17:30:00,25.0,21.870953
2017-05-12 17:35:00,25.2,21.916073
2017-05-12 17:40:00,27.6,21.902147
2017-05-12 17:45:00,26.2,21.84594
2017-05-12 17:50:00,26.6,21.818134
2017-05-12 17:55:00,28.0,21.92831
2017-05-12 18:00:00,27.6,21.960464
2017-05-12 18:05:00,22.0,22.02412
2017-05-12 18:10:00,25.6,22.032366
2017-05-12 18:15:00,23.6,21.968187
2017-05-12 18:20:00,28.2,21.961205
2017-05-12 18:25:00,27.5,21.939238
2017-05-12 18:30:00,26.4,21.956003
2017-05-12 18:35:00,27.0,21.843586
2017-05-12 18:40:00,28.5,21.924822
2017-05-12 18:45:00,27.5,21.906717
2017-05-12 18:50:00,26.6,21.838978
2017-05-12 18:55:00,25.4,21.947441
2017-05-12 19:00:00,24.2,22.020668
2017-05-12 19:05:00,24.2,22.036102
2017-05-12 19:10:00,23.0,22.096884
2017-05-12 19:15:00,21.6,22.057686
2017-05-12 19:20:00,26.75,22.097815
2017-05-12 19:25:00,26.2,22.192617
2017-05-12 19:30:00,28.33333333333333,22.222677
2017-05-12 19:35:00,25.8,22.20774
2017-05-12 19:40:00,27.75,22.284203
2017-05-12 19:45:00,26.0,22.403448
2017-05-12 19:50:00,23.2,22.520287
2017-05-12 19:55:00,26.8,22.592482
2017-05-12 20:00:00,28.2,22.8146
2017-05-12 20:05:00,26.4,22.938128
2017-05-12 20:10:00,25.2,23.180277
2017-05-12 20:15:00,28.2,23.456438
2017-05-12 20:20:00,27.4,23.778435
2017-05-12 20:25:00,31.000000000000004,24.108479
2017-05-12 20:30:00,31.000000000000004,24.453697
2017-05-12 20:35:00,31.400000000000006,24.636745
2017-05-12 20:40:00,63.33333333333334,24.677141
2017-05-12 20:45:00,89.4,24.828728
2017-05-12 20:50:00,101.2,25.082941
2017-05-12 20:55:00,93.2,25.43964
2017-05-12 21:00:00,93.25,25.562681
2017-05-12 21:05:00,94.0,25.429892
2017-05-12 21:10:00,92.4,25.197084
2017-05-12 21:15:00,92.8,24.994726
2017-05-12 21:20:00,93.2,24.62203
2017-05-12 21:25:00,91.8,24.222225
2017-05-12 21:30:00,92.6,23.884783
2017-05-12 21:35:00,94.0,23.564941
2017-05-12 21:40:00,89.4,23.298214
2017-05-12 21:45:00,87.0,22.9713
2017-05-12 21:50:00,85.6,22.8141
2017-05-12 21:55:00,87.8,22.775587
2017-05-12 22:00:00,85.6,22.841095
2017-05-12 22:05:00,79.4,23.038565
2017-05-12 22:10:00,81.2,23.44676
2017-05-12 22:15:00,84.6,24.242863
2017-05-12 22:20:00,82.2,25.305746
2017-05-12 22:25:00,80.0,26.895985
2017-05-12 22:30:00,68.2,29.5597
2017-05-12 22:35:00,68.4,34.328148
2017-05-12 22:40:00,87.0,42.362167
2017-05-12 22:45:00,81.6,52.676445
2017-05-12 22:50:00,84.2,63.18242
2017-05-12 22:55:00,88.0,71.65626
2017-05-12 23:00:00,88.8,77.73449
2017-05-12 23:05:00,86.8,81.69987
2017-05-12 23:10:00,88.8,84.049576
2017-05-12 23:15:00,88.2,85.251755
2017-05-12 23:20:00,85.33333333333333,85.69174
2017-05-12 23:25:00,84.6,86.02158
2017-05-12 23:30:00,83.4,86.50187
2017-05-12 23:35:00,81.8,86.97062
2017-05-12 23:40:00,86.8,87.42441
2017-05-12 23:45:00,85.4,87.87588
2017-05-12 23:50:00,84.25,88.139046
2017-05-12 23:55:00,87.8,88.413155
2017-05-13 00:00:00,85.4,88.89505
2017-05-13 00:05:00,84.8,89.58171
2017-05-13 00:10:00,80.8,90.67191
2017-05-13 00:15:00,84.2,91.88868
2017-05-13 00:20:00,84.0,92.16916
2017-05-13 00:25:00,89.8,92.4275
2017-05-13 00:30:00,88.6,92.64781
2017-05-13 00:35:00,89.8,92.81357
2017-05-13 00:40:00,88.8,92.99132
2017-05-13 00:45:00,94.0,93.16386
2017-05-13 00:50:00,96.0,93.470726
2017-05-13 00:55:00,91.4,93.87
2017-05-13 01:00:00,89.6,94.214584
2017-05-13 01:05:00,96.0,94.52813
2017-05-13 01:10:00,92.8,94.820755
2017-05-13 01:15:00,89.0,95.116035
2017-05-13 01:20:00,94.8,95.180435
2017-05-13 01:25:00,90.75,95.31777
2017-05-13 01:30:00,92.6,95.45163
2017-05-13 01:35:00,95.6,95.61848
2017-05-13 01:40:00,93.2,95.69345
2017-05-13 01:45:00,92.8,95.78803
2017-05-13 01:50:00,100.2,95.91523
2017-05-13 01:55:00,108.2,96.01059
2017-05-13 02:00:00,96.4,96.1898
2017-05-13 02:05:00,96.6,96.25091
2017-05-13 02:10:00,99.2,96.32805
2017-05-13 02:15:00,99.8,96.415215
2017-05-13 02:20:00,98.75,96.47868
2017-05-13 02:25:00,99.0,96.578445
2017-05-13 02:30:00,97.6,96.68136
2017-05-13 02:35:00,97.0,96.79094
2017-05-13 02:40:00,102.75,96.88764
2017-05-13 02:45:00,101.8,96.95704
2017-05-13 02:50:00,100.4,97.063805
2017-05-13 02:55:00,104.4,97.204384
2017-05-13 03:00:00,102.8,97.29642
2017-05-13 03:05:00,100.8,97.3579
2017-05-13 03:10:00,107.0,97.49504
2017-05-13 03:15:00,102.8,97.69327
2017-05-13 03:20:00,102.6,97.69509
2017-05-13 03:25:00,103.0,97.69552
2017-05-13 03:30:00,102.8,97.699356
2017-05-13 03:35:00,101.33333333333331,97.69851
2017-05-13 03:40:00,96.0,97.697784
2017-05-13 03:45:00,96.4,97.70117
2017-05-13 03:50:00,96.0,97.70204
2017-05-13 03:55:00,94.2,97.702515
2017-05-13 04:00:00,95.6,97.69869
2017-05-13 04:05:00,95.5,97.695465
2017-05-13 04:10:00,93.0,97.69717
2017-05-13 04:15:00,93.4,97.69832
2017-05-13 04:20:00,96.2,97.700005
2017-05-13 04:25:00,96.6,97.700356
2017-05-13 04:30:00,95.8,97.70089
2017-05-13 04:35:00,97.8,97.699326
2017-05-13 04:40:00,96.0,97.699875
2017-05-13 04:45:00,94.8,97.697426
2017-05-13 04:50:00,97.0,97.76235
2017-05-13 04:55:00,96.4,97.880424
2017-05-13 05:00:00,96.6,98.03226
2017-05-13 05:05:00,95.8,98.19862
2017-05-13 05:10:00,94.4,98.362946
2017-05-13 05:15:00,102.5,98.50864
2017-05-13 05:20:00,105.8,98.61721
2017-05-13 05:25:00,106.2,98.70095
2017-05-13 05:30:00,102.6,98.7616
2017-05-13 05:35:00,102.2,98.79401
2017-05-13 05:40:00,100.0,98.80491
2017-05-13 05:45:00,98.4,98.80013
2017-05-13 05:50:00,99.33333333333331,98.7743
2017-05-13 05:55:00,100.4,98.730484
2017-05-13 06:00:00,104.0,98.67131
2017-05-13 06:05:00,99.4,98.56847
2017-05-13 06:10:00,100.4,98.34992
2017-05-13 06:15:00,100.0,97.80258
2017-05-13 06:20:00,98.2,96.715996
2017-05-13 06:25:00,97.8,95.29677
2017-05-13 06:30:00,99.2,93.69488
2017-05-13 06:35:00,96.8,92.24411
2017-05-13 06:40:00,92.5,91.03787
2017-05-13 06:45:00,93.4,89.85394
2017-05-13 06:50:00,90.6,88.98464
2017-05-13 06:55:00,90.0,88.59371
2017-05-13 07:00:00,91.2,88.38371
2017-05-13 07:05:00,95.0,88.1562
2017-05-13 07:10:00,89.4,87.9618
2017-05-13 07:15:00,89.0,87.98824
2017-05-13 07:20:00,86.0,87.981346
2017-05-13 07:25:00,83.8,87.97647
2017-05-13 07:30:00,83.2,87.97155
2017-05-13 07:35:00,86.66666666666669,87.96779
2017-05-13 07:40:00,84.0,87.97121
2017-05-13 07:45:00,86.8,87.99036
2017-05-13 07:50:00,88.4,88.02299
2017-05-13 07:55:00,90.2,88.04574
2017-05-13 08:00:00,89.4,88.04705
2017-05-13 08:05:00,89.0,88.03499
2017-05-13 08:10:00,92.75,88.02772
2017-05-13 08:15:00,91.2,88.024216
2017-05-13 08:20:00,88.2,88.028885
2017-05-13 08:25:00,90.4,88.03379
2017-05-13 08:30:00,91.6,88.039635
2017-05-13 08:35:00,95.2,88.04572
2017-05-13 08:40:00,92.0,88.054085
2017-05-13 08:45:00,90.8,88.07034
2017-05-13 08:50:00,92.4,88.16363
2017-05-13 08:55:00,99.6,88.2592
2017-05-13 09:00:00,91.25,88.32381
2017-05-13 09:05:00,88.2,88.372284
2017-05-13 09:10:00,91.2,88.394775
2017-05-13 09:15:00,88.0,88.388916
2017-05-13 09:20:00,88.0,88.36839
2017-05-13 09:25:00,88.0,88.34322
2017-05-13 09:30:00,89.2,88.30505
2017-05-13 09:35:00,89.0,88.26811
2017-05-13 09:40:00,88.8,88.22305
2017-05-13 09:45:00,87.8,88.1772
2017-05-13 09:50:00,89.0,88.1341
2017-05-13 09:55:00,92.0,88.104225
2017-05-13 10:00:00,89.0,88.08801
2017-05-13 10:05:00,85.0,88.06636
2017-05-13 10:10:00,85.2,88.02253
2017-05-13 10:15:00,88.0,87.97455
2017-05-13 10:20:00,87.0,87.94406
2017-05-13 10:25:00,90.4,87.91535
2017-05-13 10:30:00,88.8,87.88229
2017-05-13 10:35:00,87.6,87.8499
2017-05-13 10:40:00,86.0,87.8384
2017-05-13 10:45:00,89.4,87.84023
2017-05-13 10:50:00,87.2,87.87541
2017-05-13 10:55:00,90.8,87.89867
2017-05-13 11:00:00,83.8,87.906456
2017-05-13 11:05:00,83.8,87.90246
2017-05-13 11:10:00,65.4,87.4194
2017-05-13 11:15:00,32.5,85.52716
2017-05-13 11:20:00,20.25,85.625435
2017-05-13 11:25:00,17.0,85.740715
2017-05-13 11:30:00,14.799999999999999,85.93805
2017-05-13 11:35:00,15.799999999999999,86.26238
2017-05-13 11:40:00,15.200000000000001,86.63812
2017-05-13 11:45:00,16.2,86.56555
2017-05-13 11:50:00,15.200000000000001,85.18346
2017-05-13 11:55:00,13.8,82.36884
2017-05-13 12:00:00,16.4,77.89688
2017-05-13 12:05:00,14.399999999999999,71.64742
2017-05-13 12:10:00,12.4,63.54947
2017-05-13 12:15:00,17.0,54.422485
2017-05-13 12:20:00,23.6,46.200985
2017-05-13 12:25:00,21.6,40.549873
2017-05-13 12:30:00,31.199999999999996,37.251373
2017-05-13 12:35:00,26.8,34.92112
2017-05-13 12:40:00,28.2,32.662754
2017-05-13 12:45:00,30.199999999999996,30.685516
2017-05-13 12:50:00,33.8,29.558926
2017-05-13 12:55:00,40.0,28.942278
2017-05-13 13:00:00,55.25000000000001,28.106928
2017-05-13 13:05:00,76.6,27.21693
2017-05-13 13:10:00,83.6,27.059347
2017-05-13 13:15:00,85.0,27.097517
2017-05-13 13:20:00,86.4,26.824049
2017-05-13 13:25:00,82.8,26.213358
2017-05-13 13:30:00,80.4,25.853172
2017-05-13 13:35:00,83.8,25.801367
2017-05-13 13:40:00,85.4,25.327904
2017-05-13 13:45:00,85.2,24.932274
2017-05-13 13:50:00,83.8,24.675617
2017-05-13 13:55:00,83.25,24.446938
2017-05-13 14:00:00,86.4,24.205412
2017-05-13 14:05:00,81.2,23.982328
2017-05-13 14:10:00,80.2,23.75183
2017-05-13 14:15:00,78.2,23.474379
2017-05-13 14:20:00,77.4,23.290457
2017-05-13 14:25:00,63.79999999999999,23.104523
2017-05-13 14:30:00,52.20000000000001,22.994068
2017-05-13 14:35:00,35.0,22.882212
2017-05-13 14:40:00,32.20000000000001,22.847925
2017-05-13 14:45:00,29.2,22.773636
2017-05-13 14:50:00,41.60000000000001,22.720419
2017-05-13 14:55:00,38.8,22.719168
2017-05-13 15:00:00,43.0,22.668451
2017-05-13 15:05:00,29.2,22.613693
2017-05-13 15:10:00,34.8,22.562485
2017-05-13 15:15:00,36.800000000000004,22.584454
2017-05-13 15:20:00,37.8,22.584457
2017-05-13 15:25:00,32.0,22.601887
2017-05-13 15:30:00,36.0,22.654129
2017-05-13 15:35:00,31.400000000000006,22.72953
2017-05-13 15:40:00,22.25,22.841553
2017-05-13 15:45:00,20.2,22.940826
2017-05-13 15:50:00,20.4,23.086603
2017-05-13 15:55:00,20.8,23.239052
2017-05-13 16:00:00,19.4,23.444397
2017-05-13 16:05:00,18.6,23.539677
2017-05-13 16:10:00,19.2,23.475557
2017-05-13 16:15:00,14.75,23.436312
2017-05-13 16:20:00,15.0,23.375202
2017-05-13 16:25:00,16.75,23.179869
2017-05-13 16:30:00,15.799999999999999,22.957228
2017-05-13 16:35:00,11.8,22.913044
2017-05-13 16:40:00,13.4,22.921713
2017-05-13 16:45:00,16.4,22.881826
2017-05-13 16:50:00,15.0,22.885994
2017-05-13 16:55:00,14.599999999999998,22.860987
2017-05-13 17:00:00,11.6,22.73981
2017-05-13 17:05:00,13.0,22.556938
2017-05-13 17:10:00,25.0,22.430714
2017-05-13 17:15:00,25.2,22.488317
2017-05-13 17:20:00,23.5,22.403471
2017-05-13 17:25:00,24.4,22.378197
2017-05-13 17:30:00,26.8,22.417212
2017-05-13 17:35:00,24.6,22.246544
2017-05-13 17:40:00,26.4,22.300535
2017-05-13 17:45:00,28.0,22.242739
2017-05-13 17:50:00,27.0,22.542168
2017-05-13 17:55:00,26.66666666666667,22.780327
2017-05-13 18:00:00,26.4,22.91774
2017-05-13 18:05:00,23.8,23.430262
2017-05-13 18:10:00,24.8,23.738102
2017-05-13 18:15:00,28.4,24.449432
2017-05-13 18:20:00,26.0,24.644741
2017-05-13 18:25:00,23.75,25.034115
2017-05-13 18:30:00,25.8,25.217329
2017-05-13 18:35:00,26.4,25.207014
2017-05-13 18:40:00,25.5,25.073254
2017-05-13 18:45:00,24.0,24.967472
2017-05-13 18:50:00,23.6,24.541958
2017-05-13 18:55:00,23.0,24.130154
2017-05-13 19:00:00,26.6,23.66766
2017-05-13 19:05:00,25.2,23.216682
2017-05-13 19:10:00,31.199999999999996,22.748415
2017-05-13 19:15:00,29.2,22.284698
2017-05-13 19:20:00,23.4,22.051256
2017-05-13 19:25:00,21.6,21.870293
2017-05-13 19:30:00,24.8,21.726364
2017-05-13 19:35:00,25.0,21.600763
2017-05-13 19:40:00,31.5,21.496498
2017-05-13 19:45:00,31.199999999999996,21.386353
2017-05-13 19:50:00,32.20000000000001,21.309166
2017-05-13 19:55:00,28.2,21.275032
2017-05-13 20:00:00,26.4,21.203236
2017-05-13 20:05:00,27.6,21.1425
2017-05-13 20:10:00,25.6,21.091518
2017-05-13 20:15:00,25.5,21.035635
2017-05-13 20:20:00,28.8,20.954674
2017-05-13 20:25:00,25.75,20.905615
2017-05-13 20:30:00,30.000000000000004,20.85449
2017-05-13 20:35:00,30.199999999999996,20.801676
2017-05-13 20:40:00,25.4,20.712677
2017-05-13 20:45:00,29.0,20.633312
2017-05-13 20:50:00,28.4,20.577806
2017-05-13 20:55:00,25.2,20.557514
2017-05-13 21:00:00,30.000000000000004,20.552095
2017-05-13 21:05:00,36.20000000000001,20.543756
2017-05-13 21:10:00,63.0,20.537542
2017-05-13 21:15:00,87.2,20.523785
2017-05-13 21:20:00,91.5,20.513294
2017-05-13 21:25:00,87.0,20.501867
2017-05-13 21:30:00,87.4,20.501476
2017-05-13 21:35:00,89.0,20.498165
2017-05-13 21:40:00,85.75,20.506279
2017-05-13 21:45:00,87.4,20.526655
2017-05-13 21:50:00,85.4,20.595665
2017-05-13 21:55:00,84.6,20.722662
2017-05-13 22:00:00,79.6,20.918137
2017-05-13 22:05:00,85.8,21.261744
2017-05-13 22:10:00,84.4,21.81772
2017-05-13 22:15:00,63.666666666666664,22.597828
2017-05-13 22:20:00,55.20000000000001,23.576351
2017-05-13 22:25:00,41.2,24.80615
2017-05-13 22:30:00,33.4,26.252848
2017-05-13 22:35:00,29.399999999999995,28.670773
2017-05-13 22:40:00,26.6,34.3877
2017-05-13 22:45:00,33.4,40.24182
2017-05-13 22:50:00,28.2,43.526028
2017-05-13 22:55:00,33.2,47.102203
2017-05-13 23:00:00,34.2,52.071564
2017-05-13 23:05:00,33.50000000000001,56.280193
2017-05-13 23:10:00,27.8,61.014977
2017-05-13 23:15:00,28.8,65.59874
2017-05-13 23:20:00,26.6,70.154205
2017-05-13 23:25:00,29.799999999999997,74.53274
2017-05-13 23:30:00,35.6,79.10537
2017-05-13 23:35:00,36.800000000000004,83.59611
2017-05-13 23:40:00,38.00000000000001,86.0313
2017-05-13 23:45:00,39.6,86.14158
2017-05-13 23:50:00,39.6,87.1056
2017-05-13 23:55:00,40.25000000000001,88.29184
2017-05-14 00:00:00,24.75,89.34506
2017-05-14 00:05:00,18.4,90.28964
2017-05-14 00:10:00,18.8,91.216576
2017-05-14 00:15:00,19.0,92.942406
2017-05-14 00:20:00,19.0,92.9703
2017-05-14 00:25:00,23.75,92.97838
2017-05-14 00:30:00,21.2,92.96248
2017-05-14 00:35:00,25.4,92.98582
2017-05-14 00:40:00,28.4,93.03244
2017-05-14 00:45:00,37.2,93.057175
2017-05-14 00:50:00,44.4,93.39592
2017-05-14 00:55:00,67.75,93.78073
2017-05-14 01:00:00,88.25,94.14405
2017-05-14 01:05:00,85.8,94.432465
2017-05-14 01:10:00,85.2,94.57998
2017-05-14 01:15:00,89.0,94.548294
2017-05-14 01:20:00,92.75,94.76297
2017-05-14 01:25:00,94.4,94.98239
2017-05-14 01:30:00,93.6,95.20056
2017-05-14 01:35:00,94.0,95.393196
2017-05-14 01:40:00,94.2,95.55557
2017-05-14 01:45:00,94.2,95.71812
2017-05-14 01:50:00,96.6,95.89721
2017-05-14 01:55:00,101.2,96.06697
2017-05-14 02:00:00,104.2,96.29173
2017-05-14 02:05:00,103.2,96.44226
2017-05-14 02:10:00,107.0,96.586334
2017-05-14 02:15:00,102.6,96.69907
2017-05-14 02:20:00,105.8,96.82256
2017-05-14 02:25:00,103.2,96.96248
2017-05-14 02:30:00,98.2,97.06769
2017-05-14 02:35:00,95.8,97.14405
2017-05-14 02:40:00,102.2,97.19853
2017-05-14 02:45:00,98.8,97.23951
2017-05-14 02:50:00,102.2,97.30931
2017-05-14 02:55:00,103.4,97.395195
2017-05-14 03:00:00,96.4,97.47138
2017-05-14 03:05:00,102.4,97.531906
2017-05-14 03:10:00,96.4,97.65702
2017-05-14 03:15:00,96.8,97.808495
2017-05-14 03:20:00,97.0,97.8101
2017-05-14 03:25:00,96.0,97.81207
2017-05-14 03:30:00,96.8,97.81276
2017-05-14 03:35:00,95.0,97.818535
2017-05-14 03:40:00,99.8,97.8225
2017-05-14 03:45:00,103.6,97.82197
2017-05-14 03:50:00,99.8,97.82053
2017-05-14 03:55:00,98.8,97.82182
2017-05-14 04:00:00,100.0,97.81429
2017-05-14 04:05:00,99.0,97.81396
2017-05-14 04:10:00,98.0,97.823135
2017-05-14 04:15:00,100.8,97.8239
2017-05-14 04:20:00,98.4,97.82246
2017-05-14 04:25:00,102.0,97.8186
2017-05-14 04:30:00,98.0,97.81708
2017-05-14 04:35:00,100.2,97.8164
2017-05-14 04:40:00,100.4,97.815384
2017-05-14 04:45:00,99.2,97.81465
2017-05-14 04:50:00,97.2,97.88989
2017-05-14 04:55:00,97.0,98.00469
2017-05-14 05:00:00,99.0,98.130775
2017-05-14 05:05:00,96.6,98.25563
2017-05-14 05:10:00,96.2,98.364075
2017-05-14 05:15:00,98.6,98.44669
2017-05-14 05:20:00,99.4,98.49753
2017-05-14 05:25:00,98.6,98.53167
2017-05-14 05:30:00,96.6,98.55039
2017-05-14 05:35:00,97.4,98.55945
2017-05-14 05:40:00,98.2,98.556435
2017-05-14 05:45:00,97.0,98.5451
2017-05-14 05:50:00,99.6,98.52561
2017-05-14 05:55:00,102.4,98.49682
2017-05-14 06:00:00,103.8,98.47678
2017-05-14 06:05:00,100.6,98.4562
2017-05-14 06:10:00,98.5,98.42941
2017-05-14 06:15:00,96.8,98.34257
2017-05-14 06:20:00,96.0,98.00401
2017-05-14 06:25:00,93.6,97.0019
2017-05-14 06:30:00,94.6,95.261375
2017-05-14 06:35:00,94.6,92.95606
2017-05-14 06:40:00,95.0,90.96316
2017-05-14 06:45:00,90.8,89.65317
2017-05-14 06:50:00,91.6,89.07731
2017-05-14 06:55:00,90.8,88.833595
2017-05-14 07:00:00,90.4,88.60687
2017-05-14 07:05:00,91.0,88.3662
2017-05-14 07:10:00,88.6,88.18252
2017-05-14 07:15:00,91.6,88.14347
2017-05-14 07:20:00,87.6,88.14245
2017-05-14 07:25:00,93.0,88.12831
2017-05-14 07:30:00,92.8,88.11953
2017-05-14 07:35:00,89.4,88.114075
2017-05-14 07:40:00,89.0,88.11208
2017-05-14 07:45:00,89.0,88.11138
2017-05-14 07:50:00,91.25,88.10994
2017-05-14 07:55:00,90.6,88.10047
2017-05-14 08:00:00,90.4,88.10068
2017-05-14 08:05:00,93.4,88.10206
2017-05-14 08:10:00,93.0,88.10747
2017-05-14 08:15:00,88.2,88.10502
2017-05-14 08:20:00,89.0,88.102715
2017-05-14 08:25:00,90.4,88.09609
2017-05-14 08:30:00,94.6,88.0977
2017-05-14 08:35:00,95.0,88.096725
2017-05-14 08:40:00,90.4,88.09279
2017-05-14 08:45:00,90.75,88.09083
2017-05-14 08:50:00,91.5,88.18621
2017-05-14 08:55:00,91.6,88.292046
2017-05-14 09:00:00,95.2,88.36543
2017-05-14 09:05:00,93.6,88.41123
2017-05-14 09:10:00,91.6,88.419624
2017-05-14 09:15:00,94.0,88.39147
2017-05-14 09:20:00,88.4,88.34175
2017-05-14 09:25:00,88.6,88.28445
2017-05-14 09:30:00,86.4,88.217514
2017-05-14 09:35:00,83.2,88.14281
2017-05-14 09:40:00,87.33333333333331,88.05547
2017-05-14 09:45:00,89.0,87.981285
2017-05-14 09:50:00,89.4,87.914375
2017-05-14 09:55:00,88.4,87.86074
2017-05-14 10:00:00,86.0,87.821266
2017-05-14 10:05:00,86.2,87.76925
2017-05-14 10:10:00,87.0,87.711815
2017-05-14 10:15:00,86.4,87.66744
2017-05-14 10:20:00,85.8,87.62877
2017-05-14 10:25:00,86.5,87.59069
2017-05-14 10:30:00,86.4,87.54696
2017-05-14 10:35:00,86.0,87.513176
2017-05-14 10:40:00,88.0,87.5004
2017-05-14 10:45:00,83.8,87.50906
2017-05-14 10:50:00,88.6,87.58071
2017-05-14 10:55:00,88.8,87.595245
2017-05-14 11:00:00,90.0,87.565994
2017-05-14 11:05:00,91.4,87.13344
2017-05-14 11:10:00,91.4,85.768845
2017-05-14 11:15:00,90.6,85.08944
2017-05-14 11:20:00,90.0,85.068565
2017-05-14 11:25:00,90.0,85.07979
2017-05-14 11:30:00,90.0,85.07601
2017-05-14 11:35:00,89.8,85.064354
2017-05-14 11:40:00,86.4,85.07059
2017-05-14 11:45:00,86.0,85.069046
2017-05-14 11:50:00,86.66666666666669,85.02922
2017-05-14 11:55:00,86.0,85.05419
2017-05-14 12:00:00,86.8,85.06518
2017-05-14 12:05:00,87.0,85.061485
2017-05-14 12:10:00,87.6,85.05954
2017-05-14 12:15:00,88.6,85.0788
2017-05-14 12:20:00,87.8,85.05531
2017-05-14 12:25:00,87.8,85.0464
2017-05-14 12:30:00,85.6,85.11375
2017-05-14 12:35:00,81.6,85.25557
2017-05-14 12:40:00,80.6,85.488335
2017-05-14 12:45:00,83.2,85.7762
2017-05-14 12:50:00,82.6,84.18293
2017-05-14 12:55:00,82.4,77.474724
2017-05-14 13:00:00,85.8,70.21492
2017-05-14 13:05:00,81.6,63.592987
2017-05-14 13:10:00,82.4,55.453735
2017-05-14 13:15:00,86.8,47.10999
2017-05-14 13:20:00,86.75,41.283615
2017-05-14 13:25:00,84.0,37.883793
2017-05-14 13:30:00,82.8,35.530533
2017-05-14 13:35:00,80.8,33.657505
2017-05-14 13:40:00,80.0,31.834093
2017-05-14 13:45:00,79.4,30.27601
2017-05-14 13:50:00,80.6,30.053362
2017-05-14 13:55:00,82.6,30.135843
2017-05-14 14:00:00,81.4,29.873209
2017-05-14 14:05:00,80.33333333333333,30.325752
2017-05-14 14:10:00,79.8,31.033176
2017-05-14 14:15:00,77.8,31.432713
2017-05-14 14:20:00,67.25,31.720678
2017-05-14 14:25:00,44.4,31.927364
2017-05-14 14:30:00,36.4,31.908613
2017-05-14 14:35:00,34.6,31.241186
2017-05-14 14:40:00,31.400000000000006,29.36886
2017-05-14 14:45:00,32.0,28.368763
2017-05-14 14:50:00,39.6,28.120495
2017-05-14 14:55:00,39.400000000000006,27.786308
2017-05-14 15:00:00,48.800000000000004,27.672144
2017-05-14 15:05:00,46.8,27.543926
2017-05-14 15:10:00,38.6,27.364935
2017-05-14 15:15:00,33.4,27.025505
2017-05-14 15:20:00,33.8,26.946028
2017-05-14 15:25:00,26.8,26.74201
2017-05-14 15:30:00,34.6,26.681421
2017-05-14 15:35:00,28.2,26.650066
2017-05-14 15:40:00,31.000000000000004,26.595314
2017-05-14 15:45:00,33.8,26.493366
2017-05-14 15:50:00,27.2,26.360962
2017-05-14 15:55:00,25.8,26.179726
2017-05-14 16:00:00,35.800000000000004,26.14795
2017-05-14 16:05:00,31.400000000000006,26.1966
2017-05-14 16:10:00,31.599999999999998,26.11011
2017-05-14 16:15:00,28.0,26.027224
2017-05-14 16:20:00,27.33333333333333,25.990301
2017-05-14 16:25:00,25.8,25.99589
2017-05-14 16:30:00,27.0,25.995882
2017-05-14 16:35:00,24.6,25.915474
2017-05-14 16:40:00,24.4,25.801613
2017-05-14 16:45:00,23.2,25.741615
2017-05-14 16:50:00,22.6,25.780268
2017-05-14 16:55:00,29.500000000000004,25.931948
2017-05-14 17:00:00,31.000000000000004,26.012959
2017-05-14 17:05:00,29.6,26.029037
2017-05-14 17:10:00,23.6,25.999638
2017-05-14 17:15:00,22.4,25.936665
2017-05-14 17:20:00,28.2,25.907576
2017-05-14 17:25:00,23.4,25.954184
2017-05-14 17:30:00,30.199999999999996,25.871769
2017-05-14 17:35:00,19.8,25.79704
2017-05-14 17:40:00,25.2,25.88999
2017-05-14 17:45:00,28.2,25.869036
2017-05-14 17:50:00,28.4,25.93749
2017-05-14 17:55:00,30.000000000000004,25.907076
2017-05-14 18:00:00,22.6,25.874321
2017-05-14 18:05:00,23.0,25.973972
2017-05-14 18:10:00,23.2,26.01395
2017-05-14 18:15:00,24.2,26.12405
2017-05-14 18:20:00,29.6,26.19827
2017-05-14 18:25:00,22.4,25.980309
2017-05-14 18:30:00,26.4,26.137587
2017-05-14 18:35:00,26.8,26.121462
2017-05-14 18:40:00,23.0,26.229113
2017-05-14 18:45:00,27.0,26.375591
2017-05-14 18:50:00,28.25,26.501642
2017-05-14 18:55:00,26.2,26.51783
2017-05-14 19:00:00,25.2,26.525778
2017-05-14 19:05:00,20.6,26.521845
2017-05-14 19:10:00,25.6,26.473831
2017-05-14 19:15:00,25.0,26.230927
2017-05-14 19:20:00,25.8,26.083727
2017-05-14 19:25:00,22.8,26.008968
2017-05-14 19:30:00,25.8,25.951946
2017-05-14 19:35:00,24.75,25.979616
2017-05-14 19:40:00,26.8,25.85282
2017-05-14 19:45:00,26.4,25.893415
2017-05-14 19:50:00,32.0,25.887276
2017-05-14 19:55:00,32.20000000000001,25.951982
2017-05-14 20:00:00,29.749999999999996,26.078281
2017-05-14 20:05:00,25.8,26.21642
2017-05-14 20:10:00,26.6,26.371695
2017-05-14 20:15:00,26.6,26.557951
2017-05-14 20:20:00,26.75,26.58826
2017-05-14 20:25:00,27.8,26.650843
2017-05-14 20:30:00,26.6,26.756956
2017-05-14 20:35:00,25.0,26.827456
2017-05-14 20:40:00,33.4,26.869675
2017-05-14 20:45:00,33.2,26.891388
2017-05-14 20:50:00,32.20000000000001,26.898695
2017-05-14 20:55:00,35.75000000000001,26.885187
2017-05-14 21:00:00,56.800000000000004,26.870989
2017-05-14 21:05:00,77.2,26.915909
2017-05-14 21:10:00,89.2,26.914274
2017-05-14 21:15:00,95.0,26.906963
2017-05-14 21:20:00,87.8,26.891136
2017-05-14 21:25:00,85.6,26.852133
2017-05-14 21:30:00,86.6,26.71857
2017-05-14 21:35:00,86.0,26.56049
2017-05-14 21:40:00,84.0,26.42917
2017-05-14 21:45:00,88.6,26.330484
2017-05-14 21:50:00,82.6,26.286324
2017-05-14 21:55:00,83.8,26.282429
2017-05-14 22:00:00,83.8,26.311346
2017-05-14 22:05:00,85.8,26.404875
2017-05-14 22:10:00,76.8,26.563843
2017-05-14 22:15:00,73.25,26.603378
2017-05-14 22:20:00,49.0,26.555721
2017-05-14 22:25:00,34.00000000000001,26.538446
2017-05-14 22:30:00,31.000000000000004,26.55242
2017-05-14 22:35:00,29.0,26.559769
2017-05-14 22:40:00,26.4,26.62079
2017-05-14 22:45:00,29.0,26.696754
2017-05-14 22:50:00,29.2,26.749552
2017-05-14 22:55:00,32.75000000000001,26.847282
2017-05-14 23:00:00,24.2,26.993904
2017-05-14 23:05:00,25.6,27.176208
2017-05-14 23:10:00,25.0,27.371984
2017-05-14 23:15:00,26.5,27.585
2017-05-14 23:20:00,29.399999999999995,27.789883
2017-05-14 23:25:00,29.799999999999997,27.99512
2017-05-14 23:30:00,30.199999999999996,28.139147
2017-05-14 23:35:00,30.749999999999996,28.18708
2017-05-14 23:40:00,35.25000000000001,28.215933
2017-05-14 23:45:00,29.2,28.29912
2017-05-14 23:50:00,28.8,28.463127
2017-05-14 23:55:00,31.199999999999996,28.850046
