Date,Real,Predictions
2017-06-01 00:00:00,94.8,91.48335
2017-06-01 00:05:00,93.6,92.962845
2017-06-01 00:10:00,91.2,94.020874
2017-06-01 00:15:00,92.2,94.579704
2017-06-01 00:20:00,89.6,94.37345
2017-06-01 00:25:00,93.5,93.56797
2017-06-01 00:30:00,87.4,91.450584
2017-06-01 00:35:00,85.8,91.78861
2017-06-01 00:40:00,89.4,92.075615
2017-06-01 00:45:00,93.0,92.88059
2017-06-01 00:50:00,94.75,93.49532
2017-06-01 00:55:00,91.8,94.17463
2017-06-01 01:00:00,91.8,95.07234
2017-06-01 01:05:00,94.39999999999999,96.04829
2017-06-01 01:10:00,95.75,97.02967
2017-06-01 01:15:00,97.8,98.02518
2017-06-01 01:20:00,99.0,99.13551
2017-06-01 01:25:00,94.39999999999999,99.84422
2017-06-01 01:30:00,96.0,100.21058
2017-06-01 01:35:00,95.6,100.60112
2017-06-01 01:40:00,96.0,100.99766
2017-06-01 01:45:00,100.8,101.41691
2017-06-01 01:50:00,100.60000000000001,101.721565
2017-06-01 01:55:00,93.6,101.97907
2017-06-01 02:00:00,96.8,102.31997
2017-06-01 02:05:00,97.0,102.08958
2017-06-01 02:10:00,99.4,102.20232
2017-06-01 02:15:00,97.4,102.20972
2017-06-01 02:20:00,99.0,102.08691
2017-06-01 02:25:00,102.0,101.84842
2017-06-01 02:30:00,104.4,101.39699
2017-06-01 02:35:00,106.79999999999998,101.4871
2017-06-01 02:40:00,100.8,101.365746
2017-06-01 02:45:00,103.6,101.96801
2017-06-01 02:50:00,104.0,102.27243
2017-06-01 02:55:00,106.6,101.75426
2017-06-01 03:00:00,106.6,101.597786
2017-06-01 03:05:00,106.4,101.49477
2017-06-01 03:10:00,112.80000000000001,101.47821
2017-06-01 03:15:00,108.0,101.187904
2017-06-01 03:20:00,104.8,101.50004
2017-06-01 03:25:00,103.6,101.572655
2017-06-01 03:30:00,102.8,101.66848
2017-06-01 03:35:00,101.4,101.824646
2017-06-01 03:40:00,101.0,102.09438
2017-06-01 03:45:00,97.0,102.222496
2017-06-01 03:50:00,94.2,102.61908
2017-06-01 03:55:00,97.6,103.65816
2017-06-01 04:00:00,98.8,104.07057
2017-06-01 04:05:00,101.2,103.98946
2017-06-01 04:10:00,100.40000000000002,103.93326
2017-06-01 04:15:00,105.6,103.59378
2017-06-01 04:20:00,99.0,103.504456
2017-06-01 04:25:00,98.6,103.518974
2017-06-01 04:30:00,97.0,102.90597
2017-06-01 04:35:00,95.8,102.73061
2017-06-01 04:40:00,96.6,102.38411
2017-06-01 04:45:00,94.8,102.68178
2017-06-01 04:50:00,98.4,102.683075
2017-06-01 04:55:00,94.0,102.64871
2017-06-01 05:00:00,94.39999999999999,102.42135
2017-06-01 05:05:00,92.0,102.21856
2017-06-01 05:10:00,91.6,102.260086
2017-06-01 05:15:00,94.49999999999999,102.28528
2017-06-01 05:20:00,99.5,102.09371
2017-06-01 05:25:00,104.6,102.39758
2017-06-01 05:30:00,106.0,102.58538
2017-06-01 05:35:00,101.2,102.53495
2017-06-01 05:40:00,97.0,102.64185
2017-06-01 05:45:00,97.0,102.80586
2017-06-01 05:50:00,97.8,102.757675
2017-06-01 05:55:00,98.4,102.65899
2017-06-01 06:00:00,101.6,102.46082
2017-06-01 06:05:00,100.2,101.98296
2017-06-01 06:10:00,98.8,101.16798
2017-06-01 06:15:00,100.66666666666669,100.14915
2017-06-01 06:20:00,97.8,99.12843
2017-06-01 06:25:00,94.39999999999999,96.9492
2017-06-01 06:30:00,89.6,94.03836
2017-06-01 06:35:00,93.0,91.9563
2017-06-01 06:40:00,91.75,89.138336
2017-06-01 06:45:00,85.6,85.957245
2017-06-01 06:50:00,82.4,82.51282
2017-06-01 06:55:00,81.6,78.73106
2017-06-01 07:00:00,82.6,76.256546
2017-06-01 07:05:00,81.0,74.47803
2017-06-01 07:10:00,77.8,72.9249
2017-06-01 07:15:00,76.6,71.05995
2017-06-01 07:20:00,78.0,69.36813
2017-06-01 07:25:00,78.0,67.6335
2017-06-01 07:30:00,77.8,65.38076
2017-06-01 07:35:00,79.6,61.991493
2017-06-01 07:40:00,76.4,60.542484
2017-06-01 07:45:00,74.2,57.765316
2017-06-01 07:50:00,73.0,54.6
2017-06-01 07:55:00,70.6,50.909584
2017-06-01 08:00:00,55.75,45.947964
2017-06-01 08:05:00,38.4,40.587048
2017-06-01 08:10:00,64.0,34.600193
2017-06-01 08:15:00,73.4,29.616396
2017-06-01 08:20:00,82.4,24.270716
2017-06-01 08:25:00,91.6,20.748638
2017-06-01 08:30:00,84.2,18.046185
2017-06-01 08:35:00,90.2,16.417294
2017-06-01 08:40:00,96.0,16.019678
2017-06-01 08:45:00,90.4,15.902465
2017-06-01 08:50:00,91.4,15.391193
2017-06-01 08:55:00,93.4,14.924719
2017-06-01 09:00:00,95.6,15.411693
2017-06-01 09:05:00,84.8,16.3804
2017-06-01 09:10:00,91.6,17.915125
2017-06-01 09:15:00,88.8,19.026264
2017-06-01 09:20:00,88.2,21.054987
2017-06-01 09:25:00,82.6,24.610365
2017-06-01 09:30:00,83.0,29.67878
2017-06-01 09:35:00,90.6,38.532585
2017-06-01 09:40:00,87.0,54.382473
2017-06-01 09:45:00,98.0,64.614296
2017-06-01 09:50:00,96.2,69.231674
2017-06-01 09:55:00,98.2,69.20483
2017-06-01 10:00:00,97.0,71.12752
2017-06-01 10:05:00,78.4,72.13652
2017-06-01 10:10:00,85.2,72.45591
2017-06-01 10:15:00,76.6,73.25565
2017-06-01 10:20:00,74.8,74.34817
2017-06-01 10:25:00,74.4,75.08143
2017-06-01 10:30:00,77.8,75.79555
2017-06-01 10:35:00,75.33333333333333,76.181816
2017-06-01 10:40:00,81.4,76.37679
2017-06-01 10:45:00,77.4,76.56257
2017-06-01 10:50:00,79.4,76.742516
2017-06-01 10:55:00,76.66666666666667,76.77994
2017-06-01 11:00:00,76.19999999999999,76.66325
2017-06-01 11:05:00,79.2,76.63314
2017-06-01 11:10:00,79.2,76.66119
2017-06-01 11:15:00,75.4,76.596565
2017-06-01 11:20:00,76.8,76.51245
2017-06-01 11:25:00,77.8,76.213425
2017-06-01 11:30:00,77.0,75.91514
2017-06-01 11:35:00,77.33333333333333,75.65876
2017-06-01 11:40:00,79.6,75.399925
2017-06-01 11:45:00,82.0,75.1783
2017-06-01 11:50:00,83.6,75.080475
2017-06-01 11:55:00,81.75,75.06159
2017-06-01 12:00:00,81.6,75.03816
2017-06-01 12:05:00,80.2,74.96372
2017-06-01 12:10:00,79.0,74.61018
2017-06-01 12:15:00,77.6,73.876595
2017-06-01 12:20:00,78.8,73.118904
2017-06-01 12:25:00,76.0,72.70495
2017-06-01 12:30:00,78.2,72.14113
2017-06-01 12:35:00,77.8,71.79837
2017-06-01 12:40:00,75.2,71.3728
2017-06-01 12:45:00,79.2,70.3284
2017-06-01 12:50:00,80.66666666666667,69.553375
2017-06-01 12:55:00,84.8,69.52343
2017-06-01 13:00:00,82.8,68.54408
2017-06-01 13:05:00,86.0,68.54021
2017-06-01 13:10:00,88.39999999999999,69.51255
2017-06-01 13:15:00,79.0,70.555145
2017-06-01 13:20:00,81.0,69.91767
2017-06-01 13:25:00,77.6,70.068436
2017-06-01 13:30:00,77.6,70.18311
2017-06-01 13:35:00,86.0,70.04514
2017-06-01 13:40:00,79.2,69.10594
2017-06-01 13:45:00,83.4,67.389244
2017-06-01 13:50:00,83.2,69.99958
2017-06-01 13:55:00,82.4,70.9024
2017-06-01 14:00:00,78.66666666666667,71.30503
2017-06-01 14:05:00,78.8,72.24503
2017-06-01 14:10:00,77.25,72.610954
2017-06-01 14:15:00,77.5,72.31521
2017-06-01 14:20:00,80.4,72.24983
2017-06-01 14:25:00,77.8,72.08149
2017-06-01 14:30:00,72.2,71.48853
2017-06-01 14:35:00,79.25,68.60393
2017-06-01 14:40:00,76.19999999999999,62.34226
2017-06-01 14:45:00,81.4,51.889664
2017-06-01 14:50:00,76.6,40.726902
2017-06-01 14:55:00,74.2,31.198633
2017-06-01 15:00:00,85.0,22.629343
2017-06-01 15:05:00,82.6,18.746862
2017-06-01 15:10:00,81.6,17.011026
2017-06-01 15:15:00,82.4,16.048296
2017-06-01 15:20:00,71.33333333333333,15.350966
2017-06-01 15:25:00,68.8,14.459531
2017-06-01 15:30:00,39.4,13.301778
2017-06-01 15:35:00,17.2,12.632216
2017-06-01 15:40:00,20.6,12.579794
2017-06-01 15:45:00,18.6,12.572316
2017-06-01 15:50:00,15.6,12.735411
2017-06-01 15:55:00,20.6,12.904963
2017-06-01 16:00:00,19.4,12.873984
2017-06-01 16:05:00,16.4,12.243156
2017-06-01 16:10:00,14.2,11.482006
2017-06-01 16:15:00,12.8,11.028367
2017-06-01 16:20:00,15.2,10.599598
2017-06-01 16:25:00,14.0,10.325375
2017-06-01 16:30:00,14.2,10.381123
2017-06-01 16:35:00,14.8,10.379994
2017-06-01 16:40:00,10.25,10.134171
2017-06-01 16:45:00,10.6,9.905744
2017-06-01 16:50:00,12.8,9.782782
2017-06-01 16:55:00,13.8,9.760942
2017-06-01 17:00:00,13.0,9.768229
2017-06-01 17:05:00,12.75,9.772627
2017-06-01 17:10:00,10.6,9.775452
2017-06-01 17:15:00,10.6,9.71043
2017-06-01 17:20:00,11.0,9.692038
2017-06-01 17:25:00,9.2,9.751833
2017-06-01 17:30:00,7.8,9.757113
2017-06-01 17:35:00,12.25,9.759083
2017-06-01 17:40:00,12.0,9.772716
2017-06-01 17:45:00,9.4,9.792572
2017-06-01 17:50:00,9.8,9.731602
2017-06-01 17:55:00,9.25,9.704986
2017-06-01 18:00:00,8.8,9.699293
2017-06-01 18:05:00,8.2,9.690103
2017-06-01 18:10:00,8.4,9.662636
2017-06-01 18:15:00,10.5,9.644184
2017-06-01 18:20:00,9.8,9.669228
2017-06-01 18:25:00,8.5,9.646183
2017-06-01 18:30:00,7.2,9.62703
2017-06-01 18:35:00,9.8,9.61432
2017-06-01 18:40:00,10.0,9.57961
2017-06-01 18:45:00,11.0,9.593008
2017-06-01 18:50:00,10.4,9.610893
2017-06-01 18:55:00,11.5,9.587523
2017-06-01 19:00:00,9.0,9.578876
2017-06-01 19:05:00,7.0,9.628125
2017-06-01 19:10:00,9.0,9.6873045
2017-06-01 19:15:00,13.2,9.693493
2017-06-01 19:20:00,11.0,9.676967
2017-06-01 19:25:00,9.4,9.6758175
2017-06-01 19:30:00,9.4,9.706257
2017-06-01 19:35:00,8.4,9.757193
2017-06-01 19:40:00,9.0,9.752948
2017-06-01 19:45:00,11.0,9.767615
2017-06-01 19:50:00,10.0,9.762693
2017-06-01 19:55:00,10.2,9.863265
2017-06-01 20:00:00,12.2,9.847906
2017-06-01 20:05:00,12.6,9.826407
2017-06-01 20:10:00,13.0,9.763076
2017-06-01 20:15:00,25.6,9.77866
2017-06-01 20:20:00,74.66666666666667,9.774683
2017-06-01 20:25:00,96.5,9.762811
2017-06-01 20:30:00,97.8,9.757292
2017-06-01 20:35:00,100.40000000000002,9.830354
2017-06-01 20:40:00,94.66666666666669,9.874635
2017-06-01 20:45:00,94.75,9.950293
2017-06-01 20:50:00,94.2,10.136469
2017-06-01 20:55:00,97.2,10.463856
2017-06-01 21:00:00,95.0,11.047633
2017-06-01 21:05:00,97.0,11.864493
2017-06-01 21:10:00,98.25,12.854436
2017-06-01 21:15:00,92.0,14.076465
2017-06-01 21:20:00,95.8,15.9079075
2017-06-01 21:25:00,99.2,18.949352
2017-06-01 21:30:00,85.2,23.746477
2017-06-01 21:35:00,88.8,32.83849
2017-06-01 21:40:00,88.2,49.745064
2017-06-01 21:45:00,82.6,65.431946
2017-06-01 21:50:00,82.25000000000001,71.03822
2017-06-01 21:55:00,83.0,68.59695
2017-06-01 22:00:00,85.8,62.288963
2017-06-01 22:05:00,89.8,50.03378
2017-06-01 22:10:00,90.75,37.66325
2017-06-01 22:15:00,84.8,28.775194
2017-06-01 22:20:00,86.0,22.781063
2017-06-01 22:25:00,87.2,19.228598
2017-06-01 22:30:00,85.8,17.821205
2017-06-01 22:35:00,85.33333333333333,18.494946
2017-06-01 22:40:00,85.4,19.654581
2017-06-01 22:45:00,87.2,20.552958
2017-06-01 22:50:00,84.8,21.39665
2017-06-01 22:55:00,85.4,25.395102
2017-06-01 23:00:00,85.4,32.00032
2017-06-01 23:05:00,86.6,46.948727
2017-06-01 23:10:00,89.8,68.90607
2017-06-01 23:15:00,90.25,75.34455
2017-06-01 23:20:00,91.8,76.30092
2017-06-01 23:25:00,90.4,77.310974
2017-06-01 23:30:00,85.2,78.49926
2017-06-01 23:35:00,81.8,79.76758
2017-06-01 23:40:00,85.8,80.744576
2017-06-01 23:45:00,90.4,81.96746
2017-06-01 23:50:00,86.4,83.01548
2017-06-01 23:55:00,85.6,84.27792
2017-06-02 00:00:00,81.75,85.729294
2017-06-02 00:05:00,88.39999999999999,87.07201
2017-06-02 00:10:00,85.25,88.16052
2017-06-02 00:15:00,85.0,87.53278
2017-06-02 00:20:00,88.59999999999998,85.30011
2017-06-02 00:25:00,92.0,82.38297
2017-06-02 00:30:00,93.6,78.63115
2017-06-02 00:35:00,93.5,79.04686
2017-06-02 00:40:00,90.25,79.638985
2017-06-02 00:45:00,91.6,80.79523
2017-06-02 00:50:00,93.4,81.06876
2017-06-02 00:55:00,98.8,81.89952
2017-06-02 01:00:00,99.6,83.45718
2017-06-02 01:05:00,101.5,85.36295
2017-06-02 01:10:00,98.2,87.3909
2017-06-02 01:15:00,99.6,89.31381
2017-06-02 01:20:00,101.0,91.41588
2017-06-02 01:25:00,99.4,93.29521
2017-06-02 01:30:00,99.4,94.51732
2017-06-02 01:35:00,97.0,94.78574
2017-06-02 01:40:00,98.6,95.5687
2017-06-02 01:45:00,104.8,96.45846
2017-06-02 01:50:00,102.8,97.209816
2017-06-02 01:55:00,105.0,96.56292
2017-06-02 02:00:00,105.5,95.96545
2017-06-02 02:05:00,108.0,95.46548
2017-06-02 02:10:00,102.5,94.74538
2017-06-02 02:15:00,102.2,95.600136
2017-06-02 02:20:00,101.8,95.15505
2017-06-02 02:25:00,100.0,94.48383
2017-06-02 02:30:00,100.0,94.90016
2017-06-02 02:35:00,100.66666666666669,95.04392
2017-06-02 02:40:00,102.6,96.602875
2017-06-02 02:45:00,100.2,98.296776
2017-06-02 02:50:00,101.6,99.17017
2017-06-02 02:55:00,104.0,99.93925
2017-06-02 03:00:00,101.5,101.248924
2017-06-02 03:05:00,102.8,101.40771
2017-06-02 03:10:00,98.4,101.31036
2017-06-02 03:15:00,102.4,101.9099
2017-06-02 03:20:00,100.0,102.01222
2017-06-02 03:25:00,105.8,101.781006
2017-06-02 03:30:00,103.8,102.001854
2017-06-02 03:35:00,102.4,102.18631
2017-06-02 03:40:00,99.0,102.33485
2017-06-02 03:45:00,102.66666666666669,102.38634
2017-06-02 03:50:00,102.4,102.57926
2017-06-02 03:55:00,102.4,102.8826
2017-06-02 04:00:00,96.8,103.074066
2017-06-02 04:05:00,93.6,102.97903
2017-06-02 04:10:00,98.0,102.88027
2017-06-02 04:15:00,98.6,102.89181
2017-06-02 04:20:00,96.2,102.86081
2017-06-02 04:25:00,97.6,102.394035
2017-06-02 04:30:00,97.33333333333331,102.77309
2017-06-02 04:35:00,96.8,102.78527
2017-06-02 04:40:00,95.2,102.449814
2017-06-02 04:45:00,92.4,102.164375
2017-06-02 04:50:00,96.8,102.422935
2017-06-02 04:55:00,98.2,102.83255
2017-06-02 05:00:00,98.2,102.89591
2017-06-02 05:05:00,97.2,102.84591
2017-06-02 05:10:00,94.8,103.17192
2017-06-02 05:15:00,98.6,102.946335
2017-06-02 05:20:00,96.2,103.00641
2017-06-02 05:25:00,98.0,102.82022
2017-06-02 05:30:00,93.4,102.83877
2017-06-02 05:35:00,94.59999999999998,102.49706
2017-06-02 05:40:00,97.66666666666669,102.61682
2017-06-02 05:45:00,97.8,102.16479
2017-06-02 05:50:00,95.8,102.03758
2017-06-02 05:55:00,95.6,102.07315
2017-06-02 06:00:00,98.4,101.70551
2017-06-02 06:05:00,104.8,100.99847
2017-06-02 06:10:00,94.0,100.336464
2017-06-02 06:15:00,91.4,99.25995
2017-06-02 06:20:00,93.4,97.242836
2017-06-02 06:25:00,99.4,94.255585
2017-06-02 06:30:00,99.2,90.56545
2017-06-02 06:35:00,97.0,87.207405
2017-06-02 06:40:00,90.66666666666669,85.47875
2017-06-02 06:45:00,87.6,82.18595
2017-06-02 06:50:00,89.4,76.573555
2017-06-02 06:55:00,87.5,74.43085
2017-06-02 07:00:00,86.8,73.5599
2017-06-02 07:05:00,85.6,72.77536
2017-06-02 07:10:00,83.2,69.23389
2017-06-02 07:15:00,81.5,64.65357
2017-06-02 07:20:00,81.4,59.975338
2017-06-02 07:25:00,83.0,56.065037
2017-06-02 07:30:00,81.0,54.22949
2017-06-02 07:35:00,79.2,54.46001
2017-06-02 07:40:00,77.8,52.55592
2017-06-02 07:45:00,77.0,50.726284
2017-06-02 07:50:00,75.6,50.278305
2017-06-02 07:55:00,75.2,52.214115
2017-06-02 08:00:00,74.66666666666667,53.716946
2017-06-02 08:05:00,76.4,56.439133
2017-06-02 08:10:00,74.2,59.079742
2017-06-02 08:15:00,74.8,60.699947
2017-06-02 08:20:00,73.8,64.21242
2017-06-02 08:25:00,79.0,64.97762
2017-06-02 08:30:00,83.2,66.63619
2017-06-02 08:35:00,82.4,69.64262
2017-06-02 08:40:00,75.0,71.736374
2017-06-02 08:45:00,77.2,71.09943
2017-06-02 08:50:00,68.4,70.61611
2017-06-02 08:55:00,68.4,70.34806
2017-06-02 09:00:00,68.6,70.86548
2017-06-02 09:05:00,61.2,69.91592
2017-06-02 09:10:00,63.8,71.27639
2017-06-02 09:15:00,67.0,71.98094
2017-06-02 09:20:00,61.4,72.0711
2017-06-02 09:25:00,74.4,71.85201
2017-06-02 09:30:00,77.2,71.27394
2017-06-02 09:35:00,73.5,71.71718
2017-06-02 09:40:00,70.5,70.46874
2017-06-02 09:45:00,76.6,70.34525
2017-06-02 09:50:00,75.8,70.39287
2017-06-02 09:55:00,74.0,70.60398
2017-06-02 10:00:00,74.2,72.9843
2017-06-02 10:05:00,75.4,73.07794
2017-06-02 10:10:00,78.25,71.3508
2017-06-02 10:15:00,78.6,72.76577
2017-06-02 10:20:00,77.8,73.91934
2017-06-02 10:25:00,82.66666666666667,74.22775
2017-06-02 10:30:00,81.2,74.240234
2017-06-02 10:35:00,79.0,73.98283
2017-06-02 10:40:00,80.6,72.41659
2017-06-02 10:45:00,83.75,71.65893
2017-06-02 10:50:00,82.20000000000002,71.432655
2017-06-02 10:55:00,84.0,70.04738
2017-06-02 11:00:00,83.0,68.572
2017-06-02 11:05:00,79.0,64.68745
2017-06-02 11:10:00,78.5,64.53064
2017-06-02 11:15:00,79.2,62.998627
2017-06-02 11:20:00,81.2,57.980885
2017-06-02 11:25:00,82.0,54.224308
2017-06-02 11:30:00,80.4,49.251602
2017-06-02 11:35:00,81.6,48.85973
2017-06-02 11:40:00,86.5,46.72757
2017-06-02 11:45:00,83.0,41.40501
2017-06-02 11:50:00,81.2,39.122665
2017-06-02 11:55:00,78.6,38.217224
2017-06-02 12:00:00,75.2,32.713234
2017-06-02 12:05:00,78.0,28.30123
2017-06-02 12:10:00,80.0,22.764048
2017-06-02 12:15:00,80.4,17.569267
2017-06-02 12:20:00,59.33333333333334,15.282366
2017-06-02 12:25:00,53.8,14.527085
2017-06-02 12:30:00,71.0,14.426044
2017-06-02 12:35:00,81.2,14.588467
2017-06-02 12:40:00,77.0,14.553425
2017-06-02 12:45:00,81.6,14.279457
2017-06-02 12:50:00,85.8,13.790786
2017-06-02 12:55:00,87.2,14.1765175
2017-06-02 13:00:00,85.6,15.266749
2017-06-02 13:05:00,84.6,18.746218
2017-06-02 13:10:00,83.8,33.527355
2017-06-02 13:15:00,82.4,64.874825
2017-06-02 13:20:00,84.8,66.51082
2017-06-02 13:25:00,84.4,71.70045
2017-06-02 13:30:00,87.2,73.035034
2017-06-02 13:35:00,81.4,74.30342
2017-06-02 13:40:00,82.0,73.795525
2017-06-02 13:45:00,46.8,73.59125
2017-06-02 13:50:00,14.2,73.56978
2017-06-02 13:55:00,16.4,73.82864
2017-06-02 14:00:00,34.2,73.32964
2017-06-02 14:05:00,60.4,72.0961
2017-06-02 14:10:00,70.25,65.24371
2017-06-02 14:15:00,69.0,64.347084
2017-06-02 14:20:00,81.8,59.93231
2017-06-02 14:25:00,75.25,59.560307
2017-06-02 14:30:00,77.2,58.65837
2017-06-02 14:35:00,75.4,56.441643
2017-06-02 14:40:00,80.5,53.77329
2017-06-02 14:45:00,74.0,52.216053
2017-06-02 14:50:00,77.8,51.317795
2017-06-02 14:55:00,83.4,49.327564
2017-06-02 15:00:00,88.39999999999999,46.225586
2017-06-02 15:05:00,90.25,43.928104
2017-06-02 15:10:00,88.0,41.777313
2017-06-02 15:15:00,88.59999999999998,36.397236
2017-06-02 15:20:00,87.5,29.62251
2017-06-02 15:25:00,65.2,22.445528
2017-06-02 15:30:00,60.4,16.815277
2017-06-02 15:35:00,53.39999999999999,14.1409
2017-06-02 15:40:00,52.6,13.275053
2017-06-02 15:45:00,50.0,13.003143
2017-06-02 15:50:00,36.8,12.697178
2017-06-02 15:55:00,40.8,12.36316
2017-06-02 16:00:00,35.00000000000001,11.894304
2017-06-02 16:05:00,31.5,11.560024
2017-06-02 16:10:00,21.8,11.448273
2017-06-02 16:15:00,29.8,11.297952
2017-06-02 16:20:00,27.4,11.280239
2017-06-02 16:25:00,16.2,10.781886
2017-06-02 16:30:00,22.6,10.680237
2017-06-02 16:35:00,13.4,10.691256
2017-06-02 16:40:00,15.6,10.694408
2017-06-02 16:45:00,13.5,10.571688
2017-06-02 16:50:00,12.4,10.51042
2017-06-02 16:55:00,13.2,10.53233
2017-06-02 17:00:00,12.0,10.523058
2017-06-02 17:05:00,15.5,10.512333
2017-06-02 17:10:00,10.8,10.49704
2017-06-02 17:15:00,15.4,10.48721
2017-06-02 17:20:00,14.2,10.474192
2017-06-02 17:25:00,12.4,10.495436
2017-06-02 17:30:00,9.4,10.526642
2017-06-02 17:35:00,11.799999999999999,10.523361
2017-06-02 17:40:00,11.2,10.5277
2017-06-02 17:45:00,8.4,10.50326
2017-06-02 17:50:00,10.4,10.457076
2017-06-02 17:55:00,11.2,10.455358
2017-06-02 18:00:00,11.2,10.494925
2017-06-02 18:05:00,6.4,10.48822
2017-06-02 18:10:00,11.0,10.48211
2017-06-02 18:15:00,10.8,10.501512
2017-06-02 18:20:00,10.8,10.517261
2017-06-02 18:25:00,10.2,10.523802
2017-06-02 18:30:00,10.0,10.558212
2017-06-02 18:35:00,10.4,10.633214
2017-06-02 18:40:00,11.5,10.677429
2017-06-02 18:45:00,10.2,10.56795
2017-06-02 18:50:00,8.0,10.529563
2017-06-02 18:55:00,8.4,10.539359
2017-06-02 19:00:00,8.6,10.554481
2017-06-02 19:05:00,9.666666666666666,10.589565
2017-06-02 19:10:00,8.8,10.58532
2017-06-02 19:15:00,9.2,10.6041155
2017-06-02 19:20:00,12.0,10.599323
2017-06-02 19:25:00,9.2,10.600849
2017-06-02 19:30:00,11.0,10.570618
2017-06-02 19:35:00,9.2,10.602694
2017-06-02 19:40:00,10.75,10.603831
2017-06-02 19:45:00,10.8,10.61135
2017-06-02 19:50:00,14.4,10.582733
2017-06-02 19:55:00,19.4,10.577293
2017-06-02 20:00:00,38.5,10.572468
2017-06-02 20:05:00,69.5,10.591792
2017-06-02 20:10:00,81.2,10.638016
2017-06-02 20:15:00,84.6,10.723887
2017-06-02 20:20:00,96.8,10.805345
2017-06-02 20:25:00,95.6,10.888177
2017-06-02 20:30:00,94.8,10.809773
2017-06-02 20:35:00,95.8,10.703571
2017-06-02 20:40:00,86.75,10.753681
2017-06-02 20:45:00,89.2,10.762074
2017-06-02 20:50:00,93.4,10.796921
2017-06-02 20:55:00,96.2,10.808381
2017-06-02 21:00:00,94.0,10.78487
2017-06-02 21:05:00,94.59999999999998,10.774718
2017-06-02 21:10:00,100.0,10.729112
2017-06-02 21:15:00,98.6,10.843262
2017-06-02 21:20:00,94.59999999999998,11.081545
2017-06-02 21:25:00,95.8,11.306029
2017-06-02 21:30:00,88.39999999999999,11.695411
2017-06-02 21:35:00,80.25,12.12426
2017-06-02 21:40:00,89.4,12.585801
2017-06-02 21:45:00,85.0,13.252795
2017-06-02 21:50:00,86.8,14.140231
2017-06-02 21:55:00,84.0,15.907418
2017-06-02 22:00:00,89.4,20.596838
2017-06-02 22:05:00,85.2,40.59611
2017-06-02 22:10:00,86.4,75.03646
2017-06-02 22:15:00,74.0,75.19091
2017-06-02 22:20:00,81.0,75.16935
2017-06-02 22:25:00,87.0,75.31215
2017-06-02 22:30:00,69.8,75.467476
2017-06-02 22:35:00,49.6,75.818924
2017-06-02 22:40:00,32.2,76.14717
2017-06-02 22:45:00,27.0,76.416046
2017-06-02 22:50:00,18.6,76.610306
2017-06-02 22:55:00,23.2,76.705605
2017-06-02 23:00:00,31.4,76.69537
2017-06-02 23:05:00,41.8,76.73066
2017-06-02 23:10:00,71.2,76.9227
2017-06-02 23:15:00,63.6,77.4245
2017-06-02 23:20:00,76.24999999999999,77.51576
2017-06-02 23:25:00,83.4,78.11333
2017-06-02 23:30:00,83.4,77.6142
2017-06-02 23:35:00,82.4,78.19172
2017-06-02 23:40:00,85.4,79.4291
2017-06-02 23:45:00,87.4,80.44614
2017-06-02 23:50:00,86.6,82.26646
2017-06-02 23:55:00,86.2,83.66662
2017-06-03 00:00:00,84.2,85.01378
2017-06-03 00:05:00,84.0,86.08302
2017-06-03 00:10:00,87.6,86.17846
2017-06-03 00:15:00,84.0,85.75627
2017-06-03 00:20:00,84.0,84.97286
2017-06-03 00:25:00,87.2,55.122902
2017-06-03 00:30:00,96.5,16.148232
2017-06-03 00:35:00,87.8,16.165237
2017-06-03 00:40:00,84.2,15.935911
2017-06-03 00:45:00,88.0,15.907494
2017-06-03 00:50:00,95.25,16.026752
2017-06-03 00:55:00,91.6,16.787306
2017-06-03 01:00:00,90.4,19.470587
2017-06-03 01:05:00,90.6,26.917044
2017-06-03 01:10:00,88.2,45.813183
2017-06-03 01:15:00,84.5,60.09698
2017-06-03 01:20:00,88.8,75.37869
2017-06-03 01:25:00,87.33333333333331,86.4993
2017-06-03 01:30:00,84.6,92.05258
2017-06-03 01:35:00,91.0,95.1998
2017-06-03 01:40:00,89.0,96.237175
2017-06-03 01:45:00,88.59999999999998,97.05225
2017-06-03 01:50:00,89.4,97.74235
2017-06-03 01:55:00,93.2,98.218094
2017-06-03 02:00:00,95.4,98.441124
2017-06-03 02:05:00,98.4,98.43437
2017-06-03 02:10:00,101.0,99.10441
2017-06-03 02:15:00,97.2,99.67663
2017-06-03 02:20:00,101.6,100.24837
2017-06-03 02:25:00,95.8,100.492775
2017-06-03 02:30:00,104.0,100.53662
2017-06-03 02:35:00,104.8,100.72128
2017-06-03 02:40:00,99.2,100.98272
2017-06-03 02:45:00,103.0,101.000374
2017-06-03 02:50:00,104.6,101.14133
2017-06-03 02:55:00,105.4,101.26403
2017-06-03 03:00:00,100.40000000000002,101.19179
2017-06-03 03:05:00,96.8,101.10356
2017-06-03 03:10:00,98.8,101.547554
2017-06-03 03:15:00,101.2,101.26427
2017-06-03 03:20:00,98.4,101.08597
2017-06-03 03:25:00,95.6,100.82109
2017-06-03 03:30:00,95.6,100.264915
2017-06-03 03:35:00,97.4,100.10739
2017-06-03 03:40:00,96.6,99.28647
2017-06-03 03:45:00,95.6,98.85497
2017-06-03 03:50:00,98.25,98.55373
2017-06-03 03:55:00,102.6,98.75448
2017-06-03 04:00:00,103.6,100.03076
2017-06-03 04:05:00,98.8,100.33359
2017-06-03 04:10:00,105.0,99.964264
2017-06-03 04:15:00,104.0,99.69499
2017-06-03 04:20:00,96.2,99.98195
2017-06-03 04:25:00,94.2,99.92967
2017-06-03 04:30:00,97.0,99.981964
2017-06-03 04:35:00,92.8,99.97369
2017-06-03 04:40:00,93.6,98.67154
2017-06-03 04:45:00,98.2,98.55642
2017-06-03 04:50:00,90.6,98.437614
2017-06-03 04:55:00,92.0,98.11302
2017-06-03 05:00:00,96.0,98.057556
2017-06-03 05:05:00,98.2,98.08516
2017-06-03 05:10:00,96.2,98.32692
2017-06-03 05:15:00,97.8,98.71079
2017-06-03 05:20:00,101.4,98.844826
2017-06-03 05:25:00,100.33333333333331,99.061615
2017-06-03 05:30:00,100.2,99.288635
2017-06-03 05:35:00,103.0,99.61931
2017-06-03 05:40:00,103.0,100.08051
2017-06-03 05:45:00,94.8,100.30042
2017-06-03 05:50:00,96.0,100.2053
2017-06-03 05:55:00,95.6,99.83727
2017-06-03 06:00:00,93.6,99.663864
2017-06-03 06:05:00,94.0,98.81789
2017-06-03 06:10:00,94.59999999999998,97.54209
2017-06-03 06:15:00,95.4,96.62335
2017-06-03 06:20:00,95.0,95.53121
2017-06-03 06:25:00,93.8,93.98999
2017-06-03 06:30:00,95.0,90.74472
2017-06-03 06:35:00,91.6,87.27119
2017-06-03 06:40:00,90.4,77.359856
2017-06-03 06:45:00,95.0,72.9554
2017-06-03 06:50:00,95.8,68.60626
2017-06-03 06:55:00,92.6,73.52529
2017-06-03 07:00:00,91.0,78.1358
2017-06-03 07:05:00,89.4,67.20012
2017-06-03 07:10:00,87.4,60.263325
2017-06-03 07:15:00,87.4,56.610493
2017-06-03 07:20:00,89.6,52.281326
2017-06-03 07:25:00,89.8,57.099976
2017-06-03 07:30:00,89.8,59.911522
2017-06-03 07:35:00,89.8,63.458523
2017-06-03 07:40:00,98.0,71.23602
2017-06-03 07:45:00,97.0,81.30063
2017-06-03 07:50:00,90.6,88.77643
2017-06-03 07:55:00,94.0,91.14853
2017-06-03 08:00:00,93.2,90.57312
2017-06-03 08:05:00,89.6,90.036606
2017-06-03 08:10:00,89.4,89.57371
2017-06-03 08:15:00,93.6,87.083305
2017-06-03 08:20:00,86.0,83.87443
2017-06-03 08:25:00,90.8,75.75839
2017-06-03 08:30:00,86.8,59.3047
2017-06-03 08:35:00,88.0,45.33784
2017-06-03 08:40:00,90.75,50.14156
2017-06-03 08:45:00,89.0,49.747604
2017-06-03 08:50:00,89.8,42.015312
2017-06-03 08:55:00,89.0,32.117676
2017-06-03 09:00:00,89.0,24.002764
2017-06-03 09:05:00,83.8,16.836138
2017-06-03 09:10:00,88.59999999999998,15.661565
2017-06-03 09:15:00,90.8,15.595298
2017-06-03 09:20:00,84.2,15.783838
2017-06-03 09:25:00,83.0,15.875855
2017-06-03 09:30:00,83.4,15.790911
2017-06-03 09:35:00,86.0,15.681584
2017-06-03 09:40:00,84.4,15.653408
2017-06-03 09:45:00,84.4,15.6355915
2017-06-03 09:50:00,84.8,15.702272
2017-06-03 09:55:00,83.5,15.764319
2017-06-03 10:00:00,82.20000000000002,15.699799
2017-06-03 10:05:00,82.0,15.641417
2017-06-03 10:10:00,84.0,15.541527
2017-06-03 10:15:00,83.4,15.537283
2017-06-03 10:20:00,80.25,15.437328
2017-06-03 10:25:00,74.8,15.32234
2017-06-03 10:30:00,79.2,15.306139
2017-06-03 10:35:00,78.6,15.405631
2017-06-03 10:40:00,81.0,15.619889
2017-06-03 10:45:00,85.75,15.803549
2017-06-03 10:50:00,85.25,15.99786
2017-06-03 10:55:00,88.0,16.091469
2017-06-03 11:00:00,85.2,16.078552
2017-06-03 11:05:00,83.2,16.111319
2017-06-03 11:10:00,85.4,16.115595
2017-06-03 11:15:00,86.2,15.980027
2017-06-03 11:20:00,86.8,15.951167
2017-06-03 11:25:00,86.4,15.835926
2017-06-03 11:30:00,86.2,15.672131
2017-06-03 11:35:00,84.4,15.525088
2017-06-03 11:40:00,78.0,15.423333
2017-06-03 11:45:00,79.8,15.35337
2017-06-03 11:50:00,80.4,15.291714
2017-06-03 11:55:00,80.5,15.373703
2017-06-03 12:00:00,81.4,15.454206
2017-06-03 12:05:00,80.0,15.80879
2017-06-03 12:10:00,80.0,16.280632
2017-06-03 12:15:00,79.8,16.191168
2017-06-03 12:20:00,77.4,16.14264
2017-06-03 12:25:00,79.0,16.14848
2017-06-03 12:30:00,81.75,16.154577
2017-06-03 12:35:00,80.2,16.18029
2017-06-03 12:40:00,78.8,16.166075
2017-06-03 12:45:00,82.4,16.229435
2017-06-03 12:50:00,79.4,16.267344
2017-06-03 12:55:00,74.5,16.248386
2017-06-03 13:00:00,59.75,16.155867
2017-06-03 13:05:00,58.2,16.115185
2017-06-03 13:10:00,57.2,16.036942
2017-06-03 13:15:00,39.0,16.21074
2017-06-03 13:20:00,29.5,16.352438
2017-06-03 13:25:00,29.2,16.484598
2017-06-03 13:30:00,17.2,16.515314
2017-06-03 13:35:00,11.799999999999999,16.52781
2017-06-03 13:40:00,11.2,16.484682
2017-06-03 13:45:00,15.2,16.534245
2017-06-03 13:50:00,16.0,16.55401
2017-06-03 13:55:00,17.0,16.428736
2017-06-03 14:00:00,13.2,16.351387
2017-06-03 14:05:00,12.8,16.61768
2017-06-03 14:10:00,14.2,16.601276
2017-06-03 14:15:00,16.4,16.284105
2017-06-03 14:20:00,18.5,16.410429
2017-06-03 14:25:00,24.2,16.558067
2017-06-03 14:30:00,22.8,16.545156
2017-06-03 14:35:00,26.8,16.324766
2017-06-03 14:40:00,26.2,16.166801
2017-06-03 14:45:00,25.0,16.312695
2017-06-03 14:50:00,31.8,16.19662
2017-06-03 14:55:00,36.0,16.237907
2017-06-03 15:00:00,35.75,16.392744
2017-06-03 15:05:00,53.39999999999999,16.50384
2017-06-03 15:10:00,47.0,16.466791
2017-06-03 15:15:00,70.8,16.468561
2017-06-03 15:20:00,61.6,16.474442
2017-06-03 15:25:00,50.0,16.511606
2017-06-03 15:30:00,44.6,16.529156
2017-06-03 15:35:00,58.8,16.643627
2017-06-03 15:40:00,79.8,16.733301
2017-06-03 15:45:00,80.0,16.714725
2017-06-03 15:50:00,78.2,16.765715
2017-06-03 15:55:00,83.33333333333333,16.744549
2017-06-03 16:00:00,80.2,16.696898
2017-06-03 16:05:00,83.2,16.636621
2017-06-03 16:10:00,80.8,16.542173
2017-06-03 16:15:00,80.6,16.439178
2017-06-03 16:20:00,76.4,16.283905
2017-06-03 16:25:00,50.20000000000001,16.280853
2017-06-03 16:30:00,59.400000000000006,16.468254
2017-06-03 16:35:00,72.2,16.6494
2017-06-03 16:40:00,54.2,16.70287
2017-06-03 16:45:00,28.75,16.714344
2017-06-03 16:50:00,28.4,16.694405
2017-06-03 16:55:00,31.2,16.68267
2017-06-03 17:00:00,28.8,16.611166
2017-06-03 17:05:00,32.0,16.479338
2017-06-03 17:10:00,36.8,16.254726
2017-06-03 17:15:00,37.2,15.879182
2017-06-03 17:20:00,26.5,15.469443
2017-06-03 17:25:00,31.8,15.794382
2017-06-03 17:30:00,36.8,15.708957
2017-06-03 17:35:00,21.8,15.593623
2017-06-03 17:40:00,30.2,15.903885
2017-06-03 17:45:00,26.8,16.1107
2017-06-03 17:50:00,23.599999999999998,16.261427
2017-06-03 17:55:00,25.6,16.091318
2017-06-03 18:00:00,18.2,15.998978
2017-06-03 18:05:00,17.8,15.538672
2017-06-03 18:10:00,16.2,16.24166
2017-06-03 18:15:00,17.500000000000004,16.130905
2017-06-03 18:20:00,17.4,15.929929
2017-06-03 18:25:00,11.799999999999999,15.711324
2017-06-03 18:30:00,17.0,15.615566
2017-06-03 18:35:00,26.6,15.860369
2017-06-03 18:40:00,23.8,15.595106
2017-06-03 18:45:00,43.2,15.497172
2017-06-03 18:50:00,59.0,15.50698
2017-06-03 18:55:00,83.6,15.545501
2017-06-03 19:00:00,86.0,15.581258
2017-06-03 19:05:00,84.2,15.616225
2017-06-03 19:10:00,86.2,15.688579
2017-06-03 19:15:00,80.4,15.866366
2017-06-03 19:20:00,82.20000000000002,15.940433
2017-06-03 19:25:00,91.0,15.831614
2017-06-03 19:30:00,93.4,16.867342
2017-06-03 19:35:00,92.0,16.945587
2017-06-03 19:40:00,86.0,18.129148
2017-06-03 19:45:00,94.8,19.47345
2017-06-03 19:50:00,91.4,22.913197
2017-06-03 19:55:00,87.6,47.646023
2017-06-03 20:00:00,86.4,46.21202
2017-06-03 20:05:00,83.2,65.881584
2017-06-03 20:10:00,89.4,70.75418
2017-06-03 20:15:00,99.8,70.89158
2017-06-03 20:20:00,94.0,71.50926
2017-06-03 20:25:00,97.8,68.14362
2017-06-03 20:30:00,95.6,82.03916
2017-06-03 20:35:00,96.2,90.82614
2017-06-03 20:40:00,88.8,91.91816
2017-06-03 20:45:00,80.4,92.32969
2017-06-03 20:50:00,86.0,91.36446
2017-06-03 20:55:00,87.4,91.61866
2017-06-03 21:00:00,92.75,92.01499
2017-06-03 21:05:00,92.33333333333331,92.269104
2017-06-03 21:10:00,92.6,91.73116
2017-06-03 21:15:00,96.2,89.34046
2017-06-03 21:20:00,93.4,82.15077
2017-06-03 21:25:00,96.4,64.17596
2017-06-03 21:30:00,92.4,37.028023
2017-06-03 21:35:00,93.0,33.03775
2017-06-03 21:40:00,90.33333333333331,30.090073
2017-06-03 21:45:00,91.4,24.754702
2017-06-03 21:50:00,89.2,17.723867
2017-06-03 21:55:00,85.4,15.575872
2017-06-03 22:00:00,91.0,15.378794
2017-06-03 22:05:00,84.4,15.667608
2017-06-03 22:10:00,83.2,15.876027
2017-06-03 22:15:00,83.0,15.939217
2017-06-03 22:20:00,80.6,15.963632
2017-06-03 22:25:00,79.4,15.963855
2017-06-03 22:30:00,75.6,15.956359
2017-06-03 22:35:00,73.4,15.971283
2017-06-03 22:40:00,71.8,16.282469
2017-06-03 22:45:00,79.8,17.994831
2017-06-03 22:50:00,77.2,24.536844
2017-06-03 22:55:00,73.8,39.139526
2017-06-03 23:00:00,79.8,48.74934
2017-06-03 23:05:00,75.6,63.40826
2017-06-03 23:10:00,79.4,74.313156
2017-06-03 23:15:00,80.8,74.28202
2017-06-03 23:20:00,79.0,65.086685
2017-06-03 23:25:00,86.6,46.974064
2017-06-03 23:30:00,84.2,48.84199
2017-06-03 23:35:00,82.6,51.27926
2017-06-03 23:40:00,84.8,47.885597
2017-06-03 23:45:00,86.4,34.92321
2017-06-03 23:50:00,86.4,27.289318
2017-06-03 23:55:00,79.2,32.24466
2017-06-04 00:00:00,81.66666666666667,31.015486
2017-06-04 00:05:00,43.25,26.715734
2017-06-04 00:10:00,34.6,28.945486
2017-06-04 00:15:00,36.0,38.29599
2017-06-04 00:20:00,29.5,36.430782
2017-06-04 00:25:00,22.4,30.277107
2017-06-04 00:30:00,14.4,25.279007
2017-06-04 00:35:00,18.2,23.31888
2017-06-04 00:40:00,15.0,22.23139
2017-06-04 00:45:00,19.0,22.397951
2017-06-04 00:50:00,23.2,23.214
2017-06-04 00:55:00,22.5,24.340258
2017-06-04 01:00:00,19.6,28.594887
2017-06-04 01:05:00,23.0,36.589504
2017-06-04 01:10:00,26.4,41.306076
2017-06-04 01:15:00,23.4,52.372772
2017-06-04 01:20:00,37.4,72.35231
2017-06-04 01:25:00,56.0,87.06386
2017-06-04 01:30:00,79.4,92.442795
2017-06-04 01:35:00,86.0,94.730675
2017-06-04 01:40:00,86.6,96.91823
2017-06-04 01:45:00,87.4,97.799164
2017-06-04 01:50:00,84.8,98.40841
2017-06-04 01:55:00,86.6,99.06089
2017-06-04 02:00:00,89.2,99.52015
2017-06-04 02:05:00,88.2,99.539925
2017-06-04 02:10:00,92.6,99.66983
2017-06-04 02:15:00,96.5,99.733116
2017-06-04 02:20:00,91.0,99.80032
2017-06-04 02:25:00,92.8,99.91496
2017-06-04 02:30:00,95.0,100.82344
2017-06-04 02:35:00,95.0,101.55155
2017-06-04 02:40:00,96.5,101.8679
2017-06-04 02:45:00,100.2,101.90885
2017-06-04 02:50:00,95.8,101.86003
2017-06-04 02:55:00,103.4,101.808846
2017-06-04 03:00:00,104.2,101.7385
2017-06-04 03:05:00,101.4,101.5899
2017-06-04 03:10:00,98.0,101.33125
2017-06-04 03:15:00,99.2,100.87778
2017-06-04 03:20:00,98.0,99.78365
2017-06-04 03:25:00,93.0,99.031
2017-06-04 03:30:00,91.6,98.27659
2017-06-04 03:35:00,91.0,98.397125
2017-06-04 03:40:00,89.0,98.20594
2017-06-04 03:45:00,88.39999999999999,97.74284
2017-06-04 03:50:00,91.4,98.08896
2017-06-04 03:55:00,91.0,98.59002
2017-06-04 04:00:00,89.8,99.07378
2017-06-04 04:05:00,89.6,99.08649
2017-06-04 04:10:00,87.0,99.10085
2017-06-04 04:15:00,88.39999999999999,99.10588
2017-06-04 04:20:00,90.4,99.09987
2017-06-04 04:25:00,92.0,99.09619
2017-06-04 04:30:00,92.2,99.03841
2017-06-04 04:35:00,90.75,99.155975
2017-06-04 04:40:00,95.6,99.21069
2017-06-04 04:45:00,92.0,99.166115
2017-06-04 04:50:00,93.2,99.15312
2017-06-04 04:55:00,92.4,99.172935
2017-06-04 05:00:00,92.4,99.18486
2017-06-04 05:05:00,92.4,99.22779
2017-06-04 05:10:00,99.2,99.16763
2017-06-04 05:15:00,94.0,99.14101
2017-06-04 05:20:00,93.4,99.27695
2017-06-04 05:25:00,96.6,99.45872
2017-06-04 05:30:00,99.2,99.413895
2017-06-04 05:35:00,102.8,99.445465
2017-06-04 05:40:00,101.6,99.42523
2017-06-04 05:45:00,101.6,99.54178
2017-06-04 05:50:00,100.40000000000002,99.79499
2017-06-04 05:55:00,98.4,99.725655
2017-06-04 06:00:00,95.2,99.64671
2017-06-04 06:05:00,98.8,100.15359
2017-06-04 06:10:00,108.8,100.30023
2017-06-04 06:15:00,98.4,99.725784
2017-06-04 06:20:00,92.8,99.54001
2017-06-04 06:25:00,92.0,99.16458
2017-06-04 06:30:00,95.2,98.91676
2017-06-04 06:35:00,91.4,98.73826
2017-06-04 06:40:00,96.2,98.37007
2017-06-04 06:45:00,94.8,97.70243
2017-06-04 06:50:00,96.4,97.15958
2017-06-04 06:55:00,101.2,96.87425
2017-06-04 07:00:00,102.2,96.35964
2017-06-04 07:05:00,98.8,95.29569
2017-06-04 07:10:00,96.0,92.71577
2017-06-04 07:15:00,90.6,84.87277
2017-06-04 07:20:00,92.4,80.50966
2017-06-04 07:25:00,92.5,76.9812
2017-06-04 07:30:00,90.8,82.23229
2017-06-04 07:35:00,91.2,88.9788
2017-06-04 07:40:00,92.4,93.01476
2017-06-04 07:45:00,89.8,91.97051
2017-06-04 07:50:00,94.2,91.05331
2017-06-04 07:55:00,90.6,91.67777
2017-06-04 08:00:00,83.0,88.47096
2017-06-04 08:05:00,82.6,89.89239
2017-06-04 08:10:00,93.0,88.87216
2017-06-04 08:15:00,94.39999999999999,83.56438
2017-06-04 08:20:00,88.8,80.35154
2017-06-04 08:25:00,91.33333333333331,79.38545
2017-06-04 08:30:00,90.0,77.79006
2017-06-04 08:35:00,89.6,74.51576
2017-06-04 08:40:00,88.8,62.685127
2017-06-04 08:45:00,86.25,54.67096
2017-06-04 08:50:00,85.2,56.268677
2017-06-04 08:55:00,87.2,47.661304
2017-06-04 09:00:00,89.25,43.582058
2017-06-04 09:05:00,86.4,46.26517
2017-06-04 09:10:00,85.8,53.968258
2017-06-04 09:15:00,90.2,59.19288
2017-06-04 09:20:00,96.6,69.491905
2017-06-04 09:25:00,92.5,70.2021
2017-06-04 09:30:00,88.8,71.19315
2017-06-04 09:35:00,89.2,73.72967
2017-06-04 09:40:00,93.25,74.72136
2017-06-04 09:45:00,86.4,75.01857
2017-06-04 09:50:00,85.4,81.66461
2017-06-04 09:55:00,86.6,85.39893
2017-06-04 10:00:00,89.0,90.11233
2017-06-04 10:05:00,88.59999999999998,92.45321
2017-06-04 10:10:00,89.8,94.66122
2017-06-04 10:15:00,88.39999999999999,95.77467
2017-06-04 10:20:00,92.0,95.43038
2017-06-04 10:25:00,94.0,95.581604
2017-06-04 10:30:00,94.49999999999999,95.85928
2017-06-04 10:35:00,93.2,95.22313
2017-06-04 10:40:00,92.0,93.52513
2017-06-04 10:45:00,93.6,80.25416
2017-06-04 10:50:00,94.59999999999998,65.780174
2017-06-04 10:55:00,87.8,58.923683
2017-06-04 11:00:00,88.0,52.79837
2017-06-04 11:05:00,86.25,41.161503
2017-06-04 11:10:00,87.8,43.260666
2017-06-04 11:15:00,88.2,38.90576
2017-06-04 11:20:00,86.75,37.08265
2017-06-04 11:25:00,87.6,33.376312
2017-06-04 11:30:00,87.4,30.327826
2017-06-04 11:35:00,86.6,27.985014
2017-06-04 11:40:00,88.2,26.344076
2017-06-04 11:45:00,88.66666666666669,25.149988
2017-06-04 11:50:00,89.2,24.307919
2017-06-04 11:55:00,88.8,24.469252
2017-06-04 12:00:00,89.0,25.185032
2017-06-04 12:05:00,86.0,26.067162
2017-06-04 12:10:00,87.5,27.309422
2017-06-04 12:15:00,88.59999999999998,28.335752
2017-06-04 12:20:00,84.8,28.616722
2017-06-04 12:25:00,83.6,27.692745
2017-06-04 12:30:00,85.4,28.383532
2017-06-04 12:35:00,87.2,28.99426
2017-06-04 12:40:00,84.6,28.65849
2017-06-04 12:45:00,85.6,28.180197
2017-06-04 12:50:00,83.2,31.44925
2017-06-04 12:55:00,84.6,31.941507
2017-06-04 13:00:00,83.0,29.38543
2017-06-04 13:05:00,83.2,27.036116
2017-06-04 13:10:00,82.20000000000002,25.147278
2017-06-04 13:15:00,81.6,24.46797
2017-06-04 13:20:00,83.66666666666667,24.185787
2017-06-04 13:25:00,85.0,23.720882
2017-06-04 13:30:00,84.2,23.281569
2017-06-04 13:35:00,85.0,22.797663
2017-06-04 13:40:00,88.0,22.646812
2017-06-04 13:45:00,84.6,22.265451
2017-06-04 13:50:00,82.8,21.827368
2017-06-04 13:55:00,81.8,21.711697
2017-06-04 14:00:00,81.8,21.978249
2017-06-04 14:05:00,83.0,21.984232
2017-06-04 14:10:00,78.4,21.70567
2017-06-04 14:15:00,76.4,21.992516
2017-06-04 14:20:00,77.2,22.158216
2017-06-04 14:25:00,80.6,22.29722
2017-06-04 14:30:00,81.0,22.263025
2017-06-04 14:35:00,81.4,22.147327
2017-06-04 14:40:00,81.8,22.120543
2017-06-04 14:45:00,84.0,21.97053
2017-06-04 14:50:00,82.0,21.844893
2017-06-04 14:55:00,83.75,21.725256
2017-06-04 15:00:00,83.4,21.603558
2017-06-04 15:05:00,80.6,21.613783
2017-06-04 15:10:00,83.4,21.668497
2017-06-04 15:15:00,84.4,21.983902
2017-06-04 15:20:00,84.4,22.039156
2017-06-04 15:25:00,84.2,21.687399
2017-06-04 15:30:00,86.4,21.776031
2017-06-04 15:35:00,83.2,21.993092
2017-06-04 15:40:00,80.8,22.361603
2017-06-04 15:45:00,82.0,23.257013
2017-06-04 15:50:00,79.2,24.488997
2017-06-04 15:55:00,80.4,24.817667
2017-06-04 16:00:00,82.4,24.422953
2017-06-04 16:05:00,83.6,24.150578
2017-06-04 16:10:00,85.4,23.951033
2017-06-04 16:15:00,87.6,22.97839
2017-06-04 16:20:00,85.8,22.81481
2017-06-04 16:25:00,86.2,22.883581
2017-06-04 16:30:00,87.6,23.429045
2017-06-04 16:35:00,85.6,23.55417
2017-06-04 16:40:00,89.25,23.38171
2017-06-04 16:45:00,88.39999999999999,23.060564
2017-06-04 16:50:00,87.0,23.561714
2017-06-04 16:55:00,81.8,24.375387
2017-06-04 17:00:00,84.4,26.118338
2017-06-04 17:05:00,84.6,28.304317
2017-06-04 17:10:00,82.0,31.344818
2017-06-04 17:15:00,81.0,31.057785
2017-06-04 17:20:00,83.33333333333333,29.257095
2017-06-04 17:25:00,82.20000000000002,32.09856
2017-06-04 17:30:00,81.2,31.906725
2017-06-04 17:35:00,89.8,34.5355
2017-06-04 17:40:00,87.2,32.067924
2017-06-04 17:45:00,86.0,36.788967
2017-06-04 17:50:00,85.8,38.65449
2017-06-04 17:55:00,84.8,38.329964
2017-06-04 18:00:00,85.0,38.43365
2017-06-04 18:05:00,84.8,39.80587
2017-06-04 18:10:00,85.75,45.38594
2017-06-04 18:15:00,86.2,49.437275
2017-06-04 18:20:00,85.6,48.397068
2017-06-04 18:25:00,85.2,55.462162
2017-06-04 18:30:00,86.8,55.41972
2017-06-04 18:35:00,88.39999999999999,38.680065
2017-06-04 18:40:00,87.8,33.94763
2017-06-04 18:45:00,89.75,32.919636
2017-06-04 18:50:00,88.2,34.199463
2017-06-04 18:55:00,85.0,35.492367
2017-06-04 19:00:00,85.4,33.819252
2017-06-04 19:05:00,86.2,32.484158
2017-06-04 19:10:00,85.2,35.92495
2017-06-04 19:15:00,86.2,37.26894
2017-06-04 19:20:00,85.5,35.7243
2017-06-04 19:25:00,82.8,37.122284
2017-06-04 19:30:00,84.8,38.07303
2017-06-04 19:35:00,83.0,42.16688
2017-06-04 19:40:00,85.6,51.62708
2017-06-04 19:45:00,90.0,64.82209
2017-06-04 19:50:00,93.0,77.52143
2017-06-04 19:55:00,88.59999999999998,74.2546
2017-06-04 20:00:00,92.6,83.29207
2017-06-04 20:05:00,90.4,91.808105
2017-06-04 20:10:00,89.6,95.67952
2017-06-04 20:15:00,99.0,97.67038
2017-06-04 20:20:00,100.60000000000001,98.34321
2017-06-04 20:25:00,99.8,98.546104
2017-06-04 20:30:00,100.60000000000001,98.658875
2017-06-04 20:35:00,99.2,98.673904
2017-06-04 20:40:00,93.0,98.76009
2017-06-04 20:45:00,90.4,98.687
2017-06-04 20:50:00,90.4,98.473145
2017-06-04 20:55:00,93.6,98.20438
2017-06-04 21:00:00,93.6,98.03126
2017-06-04 21:05:00,96.4,97.8443
2017-06-04 21:10:00,98.8,97.64906
2017-06-04 21:15:00,93.8,97.25859
2017-06-04 21:20:00,92.0,96.975334
2017-06-04 21:25:00,90.0,96.40142
2017-06-04 21:30:00,88.8,94.28979
2017-06-04 21:35:00,90.4,89.3013
2017-06-04 21:40:00,91.5,64.33611
2017-06-04 21:45:00,89.2,32.91062
2017-06-04 21:50:00,88.8,21.862932
2017-06-04 21:55:00,89.2,19.897346
2017-06-04 22:00:00,84.0,19.083576
2017-06-04 22:05:00,84.4,18.334393
2017-06-04 22:10:00,84.2,17.905252
2017-06-04 22:15:00,85.0,17.378674
2017-06-04 22:20:00,83.5,16.829882
2017-06-04 22:25:00,84.4,16.417078
2017-06-04 22:30:00,83.8,15.902335
2017-06-04 22:35:00,80.6,15.972714
2017-06-04 22:40:00,88.0,15.850026
2017-06-04 22:45:00,83.2,16.009449
2017-06-04 22:50:00,83.4,16.45476
2017-06-04 22:55:00,85.6,17.192944
2017-06-04 23:00:00,86.8,17.729263
2017-06-04 23:05:00,85.6,17.52035
2017-06-04 23:10:00,77.8,16.847822
2017-06-04 23:15:00,75.6,16.214006
2017-06-04 23:20:00,60.0,15.534036
2017-06-04 23:25:00,24.8,14.9346895
2017-06-04 23:30:00,30.33333333333333,14.24214
2017-06-04 23:35:00,27.4,14.017218
2017-06-04 23:40:00,25.2,14.150973
2017-06-04 23:45:00,21.0,14.31448
2017-06-04 23:50:00,29.8,14.866357
2017-06-04 23:55:00,27.0,15.885269
2017-06-05 00:00:00,22.8,18.035492
2017-06-05 00:05:00,15.8,22.252665
2017-06-05 00:10:00,26.25,35.62464
2017-06-05 00:15:00,20.75,72.32471
2017-06-05 00:20:00,16.4,85.35422
2017-06-05 00:25:00,21.4,84.37336
2017-06-05 00:30:00,20.4,83.912
2017-06-05 00:35:00,23.25,83.930824
2017-06-05 00:40:00,23.8,83.964294
2017-06-05 00:45:00,42.0,83.98399
2017-06-05 00:50:00,43.8,85.10895
2017-06-05 00:55:00,67.2,84.71906
2017-06-05 01:00:00,70.00000000000001,85.88558
2017-06-05 01:05:00,89.75,86.40773
2017-06-05 01:10:00,92.4,86.975044
2017-06-05 01:15:00,94.39999999999999,87.988976
2017-06-05 01:20:00,95.0,89.63028
2017-06-05 01:25:00,90.0,90.42196
2017-06-05 01:30:00,88.0,91.98195
2017-06-05 01:35:00,86.4,93.07556
2017-06-05 01:40:00,87.5,93.491196
2017-06-05 01:45:00,95.8,94.15173
2017-06-05 01:50:00,95.0,94.96457
2017-06-05 01:55:00,91.6,95.491425
2017-06-05 02:00:00,96.8,96.07985
2017-06-05 02:05:00,95.2,96.896675
2017-06-05 02:10:00,96.0,97.73754
2017-06-05 02:15:00,96.0,97.69952
2017-06-05 02:20:00,98.0,98.1758
2017-06-05 02:25:00,96.6,98.71758
2017-06-05 02:30:00,101.0,99.17636
2017-06-05 02:35:00,106.2,99.60879
2017-06-05 02:40:00,103.4,100.367355
2017-06-05 02:45:00,104.66666666666669,100.71019
2017-06-05 02:50:00,100.8,99.973785
2017-06-05 02:55:00,102.4,99.71271
2017-06-05 03:00:00,102.0,99.52323
2017-06-05 03:05:00,101.8,99.61298
2017-06-05 03:10:00,100.60000000000001,99.18942
2017-06-05 03:15:00,100.8,98.333916
2017-06-05 03:20:00,97.6,98.09037
2017-06-05 03:25:00,94.8,96.87177
2017-06-05 03:30:00,98.0,95.576706
2017-06-05 03:35:00,94.39999999999999,96.05861
2017-06-05 03:40:00,92.6,96.04841
2017-06-05 03:45:00,89.2,96.09129
2017-06-05 03:50:00,92.4,96.04281
2017-06-05 03:55:00,101.4,97.08125
2017-06-05 04:00:00,100.40000000000002,97.87985
2017-06-05 04:05:00,97.6,98.5795
2017-06-05 04:10:00,99.33333333333331,98.93969
2017-06-05 04:15:00,96.2,99.34164
2017-06-05 04:20:00,97.75,99.46903
2017-06-05 04:25:00,96.75,99.52473
2017-06-05 04:30:00,95.0,99.74229
2017-06-05 04:35:00,94.39999999999999,99.995445
2017-06-05 04:40:00,98.0,99.2779
2017-06-05 04:45:00,93.4,99.21282
2017-06-05 04:50:00,95.25,99.415405
2017-06-05 04:55:00,97.0,99.385345
2017-06-05 05:00:00,92.6,99.636215
2017-06-05 05:05:00,101.8,100.26683
2017-06-05 05:10:00,100.8,100.779564
2017-06-05 05:15:00,95.8,99.8122
2017-06-05 05:20:00,98.2,98.873985
2017-06-05 05:25:00,98.2,98.206985
2017-06-05 05:30:00,94.2,97.138435
2017-06-05 05:35:00,92.4,96.29781
2017-06-05 05:40:00,101.5,95.4911
2017-06-05 05:45:00,98.2,96.052284
2017-06-05 05:50:00,95.8,96.33269
2017-06-05 05:55:00,90.0,96.18788
2017-06-05 06:00:00,92.0,96.56988
2017-06-05 06:05:00,96.2,96.6389
2017-06-05 06:10:00,96.6,97.23154
2017-06-05 06:15:00,96.0,96.232506
2017-06-05 06:20:00,92.25,94.59709
2017-06-05 06:25:00,91.8,92.89739
2017-06-05 06:30:00,91.2,91.03977
2017-06-05 06:35:00,92.2,87.78493
2017-06-05 06:40:00,87.5,84.65811
2017-06-05 06:45:00,84.6,83.04034
2017-06-05 06:50:00,82.75,82.031555
2017-06-05 06:55:00,82.8,81.67874
2017-06-05 07:00:00,83.2,81.62922
2017-06-05 07:05:00,80.8,81.54515
2017-06-05 07:10:00,78.75,80.92494
2017-06-05 07:15:00,80.4,79.83401
2017-06-05 07:20:00,79.6,78.35458
2017-06-05 07:25:00,76.19999999999999,75.616
2017-06-05 07:30:00,77.0,71.92342
2017-06-05 07:35:00,76.4,67.62638
2017-06-05 07:40:00,75.0,61.545097
2017-06-05 07:45:00,70.8,53.433228
2017-06-05 07:50:00,68.8,45.070904
2017-06-05 07:55:00,70.00000000000001,37.347095
2017-06-05 08:00:00,70.8,30.343422
2017-06-05 08:05:00,66.4,25.277618
2017-06-05 08:10:00,64.4,22.073467
2017-06-05 08:15:00,53.8,19.632936
2017-06-05 08:20:00,38.5,17.749945
2017-06-05 08:25:00,28.4,16.378628
2017-06-05 08:30:00,32.8,15.239113
2017-06-05 08:35:00,36.2,15.198402
2017-06-05 08:40:00,28.75,15.026532
2017-06-05 08:45:00,29.8,14.834942
2017-06-05 08:50:00,34.6,14.775508
2017-06-05 08:55:00,30.8,15.291798
2017-06-05 09:00:00,37.2,16.166206
2017-06-05 09:05:00,29.8,17.71901
2017-06-05 09:10:00,37.25,19.928312
2017-06-05 09:15:00,39.4,22.26388
2017-06-05 09:20:00,38.2,26.13231
2017-06-05 09:25:00,43.6,31.889065
2017-06-05 09:30:00,67.4,37.73255
2017-06-05 09:35:00,78.6,45.478775
2017-06-05 09:40:00,83.8,58.705357
2017-06-05 09:45:00,83.0,72.611115
2017-06-05 09:50:00,84.4,81.44669
2017-06-05 09:55:00,87.6,82.00044
2017-06-05 10:00:00,69.33333333333333,82.089935
2017-06-05 10:05:00,58.0,82.177444
2017-06-05 10:10:00,42.6,82.59136
2017-06-05 10:15:00,45.6,82.87821
2017-06-05 10:20:00,55.8,82.95874
2017-06-05 10:25:00,63.8,83.06161
2017-06-05 10:30:00,60.0,83.06076
2017-06-05 10:35:00,61.0,83.13594
2017-06-05 10:40:00,60.2,83.26758
2017-06-05 10:45:00,64.2,83.33962
2017-06-05 10:50:00,62.0,83.396034
2017-06-05 10:55:00,63.8,83.45277
2017-06-05 11:00:00,68.33333333333333,83.41795
2017-06-05 11:05:00,56.0,83.270615
2017-06-05 11:10:00,51.0,83.07698
2017-06-05 11:15:00,53.6,82.81715
2017-06-05 11:20:00,57.6,82.6063
2017-06-05 11:25:00,63.6,82.49995
2017-06-05 11:30:00,61.0,82.38565
2017-06-05 11:35:00,59.25,82.2545
2017-06-05 11:40:00,65.0,82.153114
2017-06-05 11:45:00,67.6,82.09556
2017-06-05 11:50:00,74.2,82.10206
2017-06-05 11:55:00,69.4,82.15517
2017-06-05 12:00:00,64.6,82.03835
2017-06-05 12:05:00,68.2,82.06575
2017-06-05 12:10:00,64.8,82.48529
2017-06-05 12:15:00,60.4,82.791756
2017-06-05 12:20:00,51.8,82.96158
2017-06-05 12:25:00,52.6,83.16995
2017-06-05 12:30:00,52.6,83.28723
2017-06-05 12:35:00,43.8,83.33753
2017-06-05 12:40:00,41.0,83.331474
2017-06-05 12:45:00,48.8,83.16247
2017-06-05 12:50:00,52.0,83.05836
2017-06-05 12:55:00,48.25,82.99643
2017-06-05 13:00:00,48.0,82.97804
2017-06-05 13:05:00,48.8,82.88819
2017-06-05 13:10:00,44.66666666666666,82.821915
2017-06-05 13:15:00,49.8,82.657906
2017-06-05 13:20:00,47.0,82.50829
2017-06-05 13:25:00,48.2,82.44829
2017-06-05 13:30:00,67.6,82.42731
2017-06-05 13:35:00,59.2,82.52688
2017-06-05 13:40:00,53.39999999999999,82.644455
2017-06-05 13:45:00,65.2,82.70505
2017-06-05 13:50:00,74.0,82.72587
2017-06-05 13:55:00,63.6,82.572
2017-06-05 14:00:00,69.0,81.54637
2017-06-05 14:05:00,57.4,79.263535
2017-06-05 14:10:00,69.8,74.89717
2017-06-05 14:15:00,64.2,66.92855
2017-06-05 14:20:00,54.6,55.534847
2017-06-05 14:25:00,53.0,42.648594
2017-06-05 14:30:00,50.20000000000001,31.248
2017-06-05 14:35:00,50.8,23.778597
2017-06-05 14:40:00,52.8,19.077566
2017-06-05 14:45:00,47.199999999999996,17.097786
2017-06-05 14:50:00,40.4,15.802203
2017-06-05 14:55:00,40.0,14.455198
2017-06-05 15:00:00,38.2,13.366619
2017-06-05 15:05:00,50.4,13.207064
2017-06-05 15:10:00,53.0,13.33782
2017-06-05 15:15:00,46.0,13.530238
2017-06-05 15:20:00,44.4,13.601852
2017-06-05 15:25:00,47.0,13.286295
2017-06-05 15:30:00,41.8,13.482326
2017-06-05 15:35:00,42.4,13.649047
2017-06-05 15:40:00,47.8,13.271101
2017-06-05 15:45:00,39.2,12.777484
2017-06-05 15:50:00,41.0,12.266461
2017-06-05 15:55:00,52.2,12.068182
2017-06-05 16:00:00,56.0,12.053577
2017-06-05 16:05:00,61.8,11.967081
2017-06-05 16:10:00,69.4,12.1271925
2017-06-05 16:15:00,63.8,12.097771
2017-06-05 16:20:00,68.2,12.020628
2017-06-05 16:25:00,54.4,11.895525
2017-06-05 16:30:00,35.00000000000001,11.801675
2017-06-05 16:35:00,22.4,11.771032
2017-06-05 16:40:00,20.6,11.535867
2017-06-05 16:45:00,19.4,11.33377
2017-06-05 16:50:00,22.2,11.080827
2017-06-05 16:55:00,18.8,10.759314
2017-06-05 17:00:00,20.2,10.471656
2017-06-05 17:05:00,12.2,10.359933
2017-06-05 17:10:00,11.6,10.37011
2017-06-05 17:15:00,13.75,10.220888
2017-06-05 17:20:00,13.8,10.17687
2017-06-05 17:25:00,10.6,10.160354
2017-06-05 17:30:00,10.2,10.119935
2017-06-05 17:35:00,13.2,10.075797
2017-06-05 17:40:00,11.75,10.053
2017-06-05 17:45:00,11.6,10.046268
2017-06-05 17:50:00,9.2,10.030389
2017-06-05 17:55:00,9.0,9.991292
2017-06-05 18:00:00,11.4,9.988313
2017-06-05 18:05:00,9.8,9.999291
2017-06-05 18:10:00,11.75,9.966939
2017-06-05 18:15:00,9.8,9.891099
2017-06-05 18:20:00,10.8,9.875431
2017-06-05 18:25:00,8.6,9.911205
2017-06-05 18:30:00,8.2,9.941106
2017-06-05 18:35:00,10.5,9.98194
2017-06-05 18:40:00,9.0,9.985094
2017-06-05 18:45:00,8.8,9.974933
2017-06-05 18:50:00,10.6,9.959931
2017-06-05 18:55:00,8.333333333333334,9.980859
2017-06-05 19:00:00,10.75,10.026583
2017-06-05 19:05:00,8.4,10.022452
2017-06-05 19:10:00,8.6,10.052388
2017-06-05 19:15:00,9.8,10.08515
2017-06-05 19:20:00,8.5,10.066545
2017-06-05 19:25:00,7.8,10.0958805
2017-06-05 19:30:00,7.6000000000000005,10.045444
2017-06-05 19:35:00,18.33333333333333,10.052852
2017-06-05 19:40:00,10.8,10.044119
2017-06-05 19:45:00,19.6,10.136259
2017-06-05 19:50:00,23.599999999999998,10.373363
2017-06-05 19:55:00,65.0,10.93165
2017-06-05 20:00:00,90.0,11.891439
2017-06-05 20:05:00,88.59999999999998,13.2177105
2017-06-05 20:10:00,93.6,15.251126
2017-06-05 20:15:00,97.0,18.40236
2017-06-05 20:20:00,97.8,23.448221
2017-06-05 20:25:00,96.4,32.052456
2017-06-05 20:30:00,88.0,47.126453
2017-06-05 20:35:00,90.4,69.4438
2017-06-05 20:40:00,100.50000000000001,85.13347
2017-06-05 20:45:00,103.0,84.82857
2017-06-05 20:50:00,108.8,93.15131
2017-06-05 20:55:00,93.6,94.42625
2017-06-05 21:00:00,92.0,94.921555
2017-06-05 21:05:00,90.2,94.63066
2017-06-05 21:10:00,93.8,94.99299
2017-06-05 21:15:00,96.4,91.790474
2017-06-05 21:20:00,91.0,89.848236
2017-06-05 21:25:00,93.2,87.542366
2017-06-05 21:30:00,96.6,85.92145
2017-06-05 21:35:00,90.4,84.88857
2017-06-05 21:40:00,95.8,83.922905
2017-06-05 21:45:00,89.8,83.31265
2017-06-05 21:50:00,90.6,83.05432
2017-06-05 21:55:00,77.75,83.084
2017-06-05 22:00:00,89.0,83.24435
2017-06-05 22:05:00,90.0,83.44788
2017-06-05 22:10:00,86.0,83.626205
2017-06-05 22:15:00,86.0,83.73875
2017-06-05 22:20:00,85.8,83.81545
2017-06-05 22:25:00,87.2,83.91421
2017-06-05 22:30:00,90.2,84.06858
2017-06-05 22:35:00,90.6,84.43432
2017-06-05 22:40:00,91.0,84.605576
2017-06-05 22:45:00,89.2,85.12554
2017-06-05 22:50:00,89.6,85.54223
2017-06-05 22:55:00,88.59999999999998,85.86037
2017-06-05 23:00:00,88.49999999999999,86.20646
2017-06-05 23:05:00,90.6,85.87493
2017-06-05 23:10:00,97.4,85.52813
2017-06-05 23:15:00,96.4,85.73441
2017-06-05 23:20:00,97.4,85.82675
2017-06-05 23:25:00,93.4,86.1964
2017-06-05 23:30:00,90.2,86.91401
2017-06-05 23:35:00,89.0,87.7719
2017-06-05 23:40:00,92.25,88.04837
2017-06-05 23:45:00,92.0,88.60376
2017-06-05 23:50:00,94.59999999999998,89.70382
2017-06-05 23:55:00,94.59999999999998,90.76438
2017-06-06 00:00:00,95.8,92.178474
2017-06-06 00:05:00,92.2,93.39409
2017-06-06 00:10:00,90.8,94.47507
2017-06-06 00:15:00,92.2,95.18211
2017-06-06 00:20:00,90.0,95.382065
2017-06-06 00:25:00,89.4,95.81106
2017-06-06 00:30:00,90.2,96.512955
2017-06-06 00:35:00,90.0,97.060036
2017-06-06 00:40:00,90.0,98.27191
2017-06-06 00:45:00,90.2,99.22864
2017-06-06 00:50:00,92.6,100.09523
2017-06-06 00:55:00,91.6,99.95508
2017-06-06 01:00:00,93.5,99.92883
2017-06-06 01:05:00,93.0,99.76112
2017-06-06 01:10:00,94.0,100.02876
2017-06-06 01:15:00,92.4,100.22872
2017-06-06 01:20:00,94.66666666666669,99.7969
2017-06-06 01:25:00,92.0,100.13594
2017-06-06 01:30:00,96.8,100.37347
2017-06-06 01:35:00,95.4,100.20759
2017-06-06 01:40:00,92.2,100.43465
2017-06-06 01:45:00,96.66666666666669,100.40466
2017-06-06 01:50:00,95.4,100.12012
2017-06-06 01:55:00,97.0,99.850586
2017-06-06 02:00:00,98.2,99.84969
2017-06-06 02:05:00,97.4,99.59168
2017-06-06 02:10:00,100.60000000000001,99.0833
2017-06-06 02:15:00,102.8,98.74815
2017-06-06 02:20:00,101.4,99.16114
2017-06-06 02:25:00,102.6,98.62972
2017-06-06 02:30:00,100.60000000000001,98.590996
2017-06-06 02:35:00,105.0,99.22722
2017-06-06 02:40:00,101.8,98.82003
2017-06-06 02:45:00,104.8,98.17211
2017-06-06 02:50:00,100.0,97.536545
2017-06-06 02:55:00,104.6,97.21442
2017-06-06 03:00:00,99.8,96.91247
2017-06-06 03:05:00,100.2,96.533646
2017-06-06 03:10:00,107.8,95.48083
2017-06-06 03:15:00,108.2,96.0103
2017-06-06 03:20:00,105.0,94.96382
2017-06-06 03:25:00,105.6,93.98115
2017-06-06 03:30:00,100.60000000000001,93.628174
2017-06-06 03:35:00,101.8,92.74156
2017-06-06 03:40:00,102.2,91.74736
2017-06-06 03:45:00,99.2,90.997375
2017-06-06 03:50:00,96.4,89.71937
2017-06-06 03:55:00,99.0,88.03941
2017-06-06 04:00:00,96.6,88.250694
2017-06-06 04:05:00,92.0,88.079895
2017-06-06 04:10:00,102.4,88.063736
2017-06-06 04:15:00,102.4,87.84335
2017-06-06 04:20:00,99.2,87.97773
2017-06-06 04:25:00,98.4,88.230865
2017-06-06 04:30:00,98.8,88.20354
2017-06-06 04:35:00,104.0,87.79958
2017-06-06 04:40:00,97.6,87.65156
2017-06-06 04:45:00,100.0,87.33582
2017-06-06 04:50:00,101.6,87.36809
2017-06-06 04:55:00,95.6,87.41555
2017-06-06 05:00:00,98.4,88.24217
2017-06-06 05:05:00,96.4,88.65941
2017-06-06 05:10:00,97.2,89.47465
2017-06-06 05:15:00,100.8,90.01052
2017-06-06 05:20:00,100.40000000000002,90.26752
2017-06-06 05:25:00,101.4,90.48661
2017-06-06 05:30:00,100.25,90.928734
2017-06-06 05:35:00,102.25,89.826385
2017-06-06 05:40:00,99.6,89.63008
2017-06-06 05:45:00,100.0,89.433784
2017-06-06 05:50:00,100.8,89.37701
2017-06-06 05:55:00,98.2,86.44572
2017-06-06 06:00:00,97.8,84.29644
2017-06-06 06:05:00,98.8,82.34996
2017-06-06 06:10:00,99.8,81.08863
2017-06-06 06:15:00,95.4,80.618065
2017-06-06 06:20:00,98.2,79.66103
2017-06-06 06:25:00,96.4,79.01179
2017-06-06 06:30:00,95.4,78.47217
2017-06-06 06:35:00,93.0,77.81749
2017-06-06 06:40:00,87.2,76.85439
2017-06-06 06:45:00,86.0,75.76818
2017-06-06 06:50:00,83.4,75.187584
2017-06-06 06:55:00,83.6,74.38249
2017-06-06 07:00:00,85.8,73.425224
2017-06-06 07:05:00,86.0,71.43501
2017-06-06 07:10:00,82.4,69.342415
2017-06-06 07:15:00,76.0,66.24598
2017-06-06 07:20:00,75.8,64.121445
2017-06-06 07:25:00,75.4,61.86766
2017-06-06 07:30:00,76.5,59.70816
2017-06-06 07:35:00,75.4,57.0871
2017-06-06 07:40:00,76.19999999999999,53.564514
2017-06-06 07:45:00,73.6,50.6167
2017-06-06 07:50:00,73.8,46.736332
2017-06-06 07:55:00,68.6,40.78961
2017-06-06 08:00:00,73.6,34.412815
2017-06-06 08:05:00,64.2,28.840729
2017-06-06 08:10:00,61.4,23.579615
2017-06-06 08:15:00,65.4,19.81656
2017-06-06 08:20:00,77.8,17.434448
2017-06-06 08:25:00,72.8,16.005407
2017-06-06 08:30:00,71.0,15.158775
2017-06-06 08:35:00,66.4,14.813298
2017-06-06 08:40:00,43.33333333333334,14.525858
2017-06-06 08:45:00,35.8,14.109292
2017-06-06 08:50:00,30.2,14.159166
2017-06-06 08:55:00,27.8,15.124194
2017-06-06 09:00:00,31.0,16.21208
2017-06-06 09:05:00,56.2,18.188568
2017-06-06 09:10:00,47.8,21.132921
2017-06-06 09:15:00,58.8,24.675837
2017-06-06 09:20:00,69.2,29.817951
2017-06-06 09:25:00,70.8,35.0538
2017-06-06 09:30:00,75.2,41.457584
2017-06-06 09:35:00,78.2,53.025085
2017-06-06 09:40:00,77.0,66.66132
2017-06-06 09:45:00,77.4,76.3472
2017-06-06 09:50:00,79.2,78.958466
2017-06-06 09:55:00,77.0,79.06771
2017-06-06 10:00:00,76.5,79.2589
2017-06-06 10:05:00,76.0,79.208916
2017-06-06 10:10:00,78.4,79.25493
2017-06-06 10:15:00,84.0,79.47611
2017-06-06 10:20:00,83.66666666666667,79.56502
2017-06-06 10:25:00,80.4,79.64055
2017-06-06 10:30:00,80.6,79.66279
2017-06-06 10:35:00,79.5,79.62537
2017-06-06 10:40:00,75.0,79.54822
2017-06-06 10:45:00,72.2,79.584404
2017-06-06 10:50:00,83.2,79.66365
2017-06-06 10:55:00,76.19999999999999,79.66844
2017-06-06 11:00:00,77.0,79.97904
2017-06-06 11:05:00,78.2,80.44863
2017-06-06 11:10:00,79.0,80.8599
2017-06-06 11:15:00,81.0,80.97211
2017-06-06 11:20:00,82.20000000000002,80.75416
2017-06-06 11:25:00,80.4,80.9444
2017-06-06 11:30:00,81.0,80.856865
2017-06-06 11:35:00,81.6,80.94818
2017-06-06 11:40:00,79.0,80.902954
2017-06-06 11:45:00,85.0,80.9495
2017-06-06 11:50:00,87.0,81.216835
2017-06-06 11:55:00,86.2,81.095665
2017-06-06 12:00:00,88.0,80.77949
2017-06-06 12:05:00,88.8,79.81888
2017-06-06 12:10:00,81.0,79.259384
2017-06-06 12:15:00,83.0,78.96548
2017-06-06 12:20:00,64.0,78.726494
2017-06-06 12:25:00,22.2,78.752045
2017-06-06 12:30:00,28.8,78.459236
2017-06-06 12:35:00,40.0,78.71044
2017-06-06 12:40:00,59.0,78.632866
2017-06-06 12:45:00,74.0,78.3048
2017-06-06 12:50:00,75.4,77.90039
2017-06-06 12:55:00,79.0,77.81221
2017-06-06 13:00:00,79.8,77.63513
2017-06-06 13:05:00,83.8,77.60032
2017-06-06 13:10:00,78.8,77.717545
2017-06-06 13:15:00,75.8,77.83241
2017-06-06 13:20:00,80.6,77.83548
2017-06-06 13:25:00,78.5,77.78405
2017-06-06 13:30:00,75.8,77.51486
2017-06-06 13:35:00,81.4,77.12953
2017-06-06 13:40:00,85.6,77.27721
2017-06-06 13:45:00,76.8,77.003525
2017-06-06 13:50:00,80.8,76.834946
2017-06-06 13:55:00,78.0,76.59296
2017-06-06 14:00:00,70.8,76.598694
2017-06-06 14:05:00,70.6,77.18656
2017-06-06 14:10:00,73.0,77.489685
2017-06-06 14:15:00,73.0,77.3346
2017-06-06 14:20:00,80.8,77.31733
2017-06-06 14:25:00,79.6,77.00026
2017-06-06 14:30:00,79.0,75.80439
2017-06-06 14:35:00,74.0,73.040146
2017-06-06 14:40:00,82.20000000000002,67.585205
2017-06-06 14:45:00,79.6,62.391754
2017-06-06 14:50:00,75.6,56.41252
2017-06-06 14:55:00,72.5,49.719738
2017-06-06 15:00:00,65.25,44.978233
2017-06-06 15:05:00,81.2,38.400463
2017-06-06 15:10:00,83.0,37.225307
2017-06-06 15:15:00,82.6,37.343292
2017-06-06 15:20:00,81.0,38.06421
2017-06-06 15:25:00,82.8,39.78087
2017-06-06 15:30:00,81.75,46.84371
2017-06-06 15:35:00,81.6,57.9882
2017-06-06 15:40:00,79.8,65.323235
2017-06-06 15:45:00,81.0,65.944214
2017-06-06 15:50:00,38.2,63.153797
2017-06-06 15:55:00,20.2,53.41654
2017-06-06 16:00:00,17.4,38.7687
2017-06-06 16:05:00,14.2,26.359716
2017-06-06 16:10:00,15.4,19.662682
2017-06-06 16:15:00,12.2,15.648622
2017-06-06 16:20:00,9.6,13.7639675
2017-06-06 16:25:00,10.666666666666666,12.439668
2017-06-06 16:30:00,9.2,11.553564
2017-06-06 16:35:00,9.4,10.833723
2017-06-06 16:40:00,10.0,10.287858
2017-06-06 16:45:00,9.2,10.334567
2017-06-06 16:50:00,9.6,10.34668
2017-06-06 16:55:00,8.2,10.177884
2017-06-06 17:00:00,9.0,10.170979
2017-06-06 17:05:00,9.0,10.108677
2017-06-06 17:10:00,7.8,10.064239
2017-06-06 17:15:00,10.0,10.081814
2017-06-06 17:20:00,8.8,10.009227
2017-06-06 17:25:00,7.8,9.9367485
2017-06-06 17:30:00,9.0,9.912959
2017-06-06 17:35:00,8.4,9.892209
2017-06-06 17:40:00,10.4,9.871322
2017-06-06 17:45:00,16.8,9.919121
2017-06-06 17:50:00,10.4,9.896567
2017-06-06 17:55:00,8.4,9.863489
2017-06-06 18:00:00,11.2,9.832146
2017-06-06 18:05:00,9.5,9.822836
2017-06-06 18:10:00,10.0,9.846234
2017-06-06 18:15:00,9.6,9.8555
2017-06-06 18:20:00,8.4,9.827187
2017-06-06 18:25:00,16.4,9.795977
2017-06-06 18:30:00,8.2,9.771193
2017-06-06 18:35:00,18.75,9.790195
2017-06-06 18:40:00,10.2,9.870164
2017-06-06 18:45:00,14.4,9.877023
2017-06-06 18:50:00,10.8,9.841387
2017-06-06 18:55:00,11.0,9.807301
2017-06-06 19:00:00,7.6000000000000005,9.866045
2017-06-06 19:05:00,10.5,9.90071
2017-06-06 19:10:00,9.25,9.932851
2017-06-06 19:15:00,10.8,9.950671
2017-06-06 19:20:00,11.0,9.983932
2017-06-06 19:25:00,12.4,10.001257
2017-06-06 19:30:00,10.6,10.037598
2017-06-06 19:35:00,10.8,10.067594
2017-06-06 19:40:00,16.0,10.065368
2017-06-06 19:45:00,9.4,10.059867
2017-06-06 19:50:00,9.333333333333334,10.066437
2017-06-06 19:55:00,8.8,10.034039
2017-06-06 20:00:00,10.4,10.036301
2017-06-06 20:05:00,11.4,10.018548
2017-06-06 20:10:00,10.6,10.047708
2017-06-06 20:15:00,12.4,10.107791
2017-06-06 20:20:00,12.2,10.12906
2017-06-06 20:25:00,17.2,10.195594
2017-06-06 20:30:00,49.0,10.256154
2017-06-06 20:35:00,86.4,10.418238
2017-06-06 20:40:00,96.75,10.824019
2017-06-06 20:45:00,97.2,11.635598
2017-06-06 20:50:00,92.6,12.820208
2017-06-06 20:55:00,93.2,14.537275
2017-06-06 21:00:00,97.2,17.037224
2017-06-06 21:05:00,88.25,20.996637
2017-06-06 21:10:00,96.0,27.852625
2017-06-06 21:15:00,94.39999999999999,37.922752
2017-06-06 21:20:00,89.25,55.375946
2017-06-06 21:25:00,92.0,75.65178
2017-06-06 21:30:00,93.6,81.706894
2017-06-06 21:35:00,92.8,86.3627
2017-06-06 21:40:00,93.33333333333331,91.946915
2017-06-06 21:45:00,89.4,94.92953
2017-06-06 21:50:00,89.2,94.97337
2017-06-06 21:55:00,89.0,94.16232
2017-06-06 22:00:00,91.0,93.2965
2017-06-06 22:05:00,87.2,93.26804
2017-06-06 22:10:00,86.8,92.73057
2017-06-06 22:15:00,87.6,91.2229
2017-06-06 22:20:00,83.2,91.62513
2017-06-06 22:25:00,85.2,91.780495
2017-06-06 22:30:00,82.4,91.21312
2017-06-06 22:35:00,79.4,89.782135
2017-06-06 22:40:00,78.0,88.72961
2017-06-06 22:45:00,86.0,87.79994
2017-06-06 22:50:00,85.8,86.96499
2017-06-06 22:55:00,88.0,88.06126
2017-06-06 23:00:00,91.0,88.889984
2017-06-06 23:05:00,90.8,89.08805
2017-06-06 23:10:00,90.5,89.41073
2017-06-06 23:15:00,92.6,89.64493
2017-06-06 23:20:00,92.0,89.273415
2017-06-06 23:25:00,89.25,89.64704
2017-06-06 23:30:00,87.6,91.30723
2017-06-06 23:35:00,87.2,92.590324
2017-06-06 23:40:00,86.0,93.41458
2017-06-06 23:45:00,87.0,94.177574
2017-06-06 23:50:00,88.49999999999999,95.2394
2017-06-06 23:55:00,87.2,96.18021
2017-06-07 00:00:00,88.8,96.611244
2017-06-07 00:05:00,89.8,97.19884
2017-06-07 00:10:00,94.39999999999999,97.94672
2017-06-07 00:15:00,91.8,98.014854
2017-06-07 00:20:00,91.25,97.74395
2017-06-07 00:25:00,92.4,97.37075
2017-06-07 00:30:00,89.0,96.399574
2017-06-07 00:35:00,88.39999999999999,96.520836
2017-06-07 00:40:00,88.2,96.77763
2017-06-07 00:45:00,86.6,96.77169
2017-06-07 00:50:00,89.0,96.83311
2017-06-07 00:55:00,95.6,97.02783
2017-06-07 01:00:00,93.2,97.73729
2017-06-07 01:05:00,94.0,99.23643
2017-06-07 01:10:00,97.4,99.679474
2017-06-07 01:15:00,99.4,99.81304
2017-06-07 01:20:00,97.6,99.729
2017-06-07 01:25:00,96.8,99.72131
2017-06-07 01:30:00,88.2,99.43465
2017-06-07 01:35:00,84.6,99.29371
2017-06-07 01:40:00,90.6,99.3276
2017-06-07 01:45:00,95.33333333333331,99.27612
2017-06-07 01:50:00,99.2,98.92195
2017-06-07 01:55:00,94.59999999999998,98.9592
2017-06-07 02:00:00,94.0,99.76165
2017-06-07 02:05:00,97.2,100.54935
2017-06-07 02:10:00,100.8,101.25471
2017-06-07 02:15:00,99.4,101.76654
2017-06-07 02:20:00,100.2,102.21427
2017-06-07 02:25:00,98.4,102.63098
2017-06-07 02:30:00,104.0,103.00811
2017-06-07 02:35:00,96.2,102.6049
2017-06-07 02:40:00,101.0,102.16873
2017-06-07 02:45:00,100.0,102.08981
2017-06-07 02:50:00,106.0,102.07257
2017-06-07 02:55:00,106.0,102.11632
2017-06-07 03:00:00,102.8,102.03194
2017-06-07 03:05:00,97.2,102.003876
2017-06-07 03:10:00,102.0,101.93397
2017-06-07 03:15:00,100.0,101.60706
2017-06-07 03:20:00,102.4,102.14022
2017-06-07 03:25:00,102.4,102.941185
2017-06-07 03:30:00,103.6,103.19557
2017-06-07 03:35:00,94.59999999999998,103.449394
2017-06-07 03:40:00,91.0,103.00714
2017-06-07 03:45:00,98.0,102.457954
2017-06-07 03:50:00,97.8,102.09153
2017-06-07 03:55:00,94.8,102.17155
2017-06-07 04:00:00,96.0,101.967064
2017-06-07 04:05:00,92.4,101.737495
2017-06-07 04:10:00,95.6,101.45798
2017-06-07 04:15:00,93.6,101.29178
2017-06-07 04:20:00,97.6,101.1577
2017-06-07 04:25:00,94.2,100.776344
2017-06-07 04:30:00,97.0,100.72514
2017-06-07 04:35:00,101.6,100.70858
2017-06-07 04:40:00,103.6,100.68507
2017-06-07 04:45:00,97.8,100.67418
2017-06-07 04:50:00,93.4,100.66931
2017-06-07 04:55:00,102.0,100.552155
2017-06-07 05:00:00,102.4,101.01274
2017-06-07 05:05:00,99.0,101.17997
2017-06-07 05:10:00,98.0,101.46951
2017-06-07 05:15:00,98.8,101.4189
2017-06-07 05:20:00,98.4,101.06406
2017-06-07 05:25:00,98.0,100.60414
2017-06-07 05:30:00,98.4,100.24452
2017-06-07 05:35:00,99.6,99.98035
2017-06-07 05:40:00,102.33333333333331,99.74375
2017-06-07 05:45:00,100.60000000000001,99.39852
2017-06-07 05:50:00,99.0,99.417404
2017-06-07 05:55:00,99.2,99.92085
2017-06-07 06:00:00,98.8,99.28423
2017-06-07 06:05:00,104.6,98.84033
2017-06-07 06:10:00,101.6,98.75052
2017-06-07 06:15:00,92.2,98.631325
2017-06-07 06:20:00,93.2,98.33808
2017-06-07 06:25:00,94.39999999999999,97.75857
2017-06-07 06:30:00,94.8,96.83789
2017-06-07 06:35:00,92.6,95.82723
2017-06-07 06:40:00,87.5,93.57681
2017-06-07 06:45:00,84.4,89.329666
2017-06-07 06:50:00,85.8,85.537315
2017-06-07 06:55:00,86.8,82.55172
2017-06-07 07:00:00,85.66666666666667,81.02494
2017-06-07 07:05:00,82.20000000000002,80.160126
2017-06-07 07:10:00,81.8,79.939255
2017-06-07 07:15:00,84.6,79.75004
2017-06-07 07:20:00,81.75,79.24986
2017-06-07 07:25:00,80.33333333333334,77.92447
2017-06-07 07:30:00,75.4,75.05857
2017-06-07 07:35:00,76.0,69.64404
2017-06-07 07:40:00,77.4,63.25307
2017-06-07 07:45:00,77.6,56.08175
2017-06-07 07:50:00,73.8,49.17914
2017-06-07 07:55:00,68.0,43.66319
2017-06-07 08:00:00,60.2,38.991867
2017-06-07 08:05:00,54.2,36.75972
2017-06-07 08:10:00,47.8,35.910725
2017-06-07 08:15:00,49.4,35.766296
2017-06-07 08:20:00,50.5,35.062866
2017-06-07 08:25:00,70.00000000000001,36.30322
2017-06-07 08:30:00,78.2,39.51325
2017-06-07 08:35:00,71.6,43.87854
2017-06-07 08:40:00,71.8,49.981354
2017-06-07 08:45:00,70.8,52.986866
2017-06-07 08:50:00,73.0,53.911556
2017-06-07 08:55:00,73.8,51.31608
2017-06-07 09:00:00,54.75,48.904663
2017-06-07 09:05:00,45.4,47.851894
2017-06-07 09:10:00,49.4,48.60956
2017-06-07 09:15:00,79.6,50.55982
2017-06-07 09:20:00,84.2,52.623913
2017-06-07 09:25:00,79.2,58.056103
2017-06-07 09:30:00,82.6,68.97909
2017-06-07 09:35:00,83.5,78.78524
2017-06-07 09:40:00,81.4,80.317825
2017-06-07 09:45:00,83.8,80.75694
2017-06-07 09:50:00,83.8,80.934425
2017-06-07 09:55:00,84.4,81.13373
2017-06-07 10:00:00,79.2,81.2468
2017-06-07 10:05:00,78.6,81.21851
2017-06-07 10:10:00,81.8,81.12688
2017-06-07 10:15:00,82.0,81.022255
2017-06-07 10:20:00,80.4,80.952896
2017-06-07 10:25:00,82.8,80.924324
2017-06-07 10:30:00,85.2,80.94371
2017-06-07 10:35:00,80.4,81.050095
2017-06-07 10:40:00,87.4,81.24096
2017-06-07 10:45:00,89.6,81.4514
2017-06-07 10:50:00,85.2,81.61577
2017-06-07 10:55:00,83.0,81.68956
2017-06-07 11:00:00,82.6,81.66446
2017-06-07 11:05:00,84.0,81.50577
2017-06-07 11:10:00,80.6,81.41632
2017-06-07 11:15:00,81.0,81.35102
2017-06-07 11:20:00,82.20000000000002,81.378784
2017-06-07 11:25:00,82.4,81.44448
2017-06-07 11:30:00,80.0,81.46122
2017-06-07 11:35:00,78.8,81.44004
2017-06-07 11:40:00,86.75,81.337776
2017-06-07 11:45:00,83.6,81.22251
2017-06-07 11:50:00,82.4,81.12934
2017-06-07 11:55:00,83.2,80.98518
2017-06-07 12:00:00,82.4,80.773155
2017-06-07 12:05:00,83.6,80.53802
2017-06-07 12:10:00,85.0,80.38251
2017-06-07 12:15:00,82.0,80.21318
2017-06-07 12:20:00,81.0,80.16585
2017-06-07 12:25:00,80.8,80.20532
2017-06-07 12:30:00,82.20000000000002,80.12923
2017-06-07 12:35:00,80.4,79.93399
2017-06-07 12:40:00,77.5,79.52932
2017-06-07 12:45:00,78.2,79.06425
2017-06-07 12:50:00,81.0,78.46823
2017-06-07 12:55:00,78.0,77.39596
2017-06-07 13:00:00,79.8,76.45719
2017-06-07 13:05:00,79.5,75.838066
2017-06-07 13:10:00,82.6,75.07335
2017-06-07 13:15:00,78.0,74.214775
2017-06-07 13:20:00,80.75,72.897354
2017-06-07 13:25:00,78.8,72.00061
2017-06-07 13:30:00,78.2,70.88114
2017-06-07 13:35:00,82.4,72.555595
2017-06-07 13:40:00,85.0,74.30431
2017-06-07 13:45:00,85.2,75.5168
2017-06-07 13:50:00,83.0,77.16936
2017-06-07 13:55:00,81.2,78.612045
2017-06-07 14:00:00,83.0,79.406105
2017-06-07 14:05:00,75.75,79.32684
2017-06-07 14:10:00,79.2,79.15547
2017-06-07 14:15:00,75.6,78.86005
2017-06-07 14:20:00,74.6,78.60928
2017-06-07 14:25:00,73.25,78.31601
2017-06-07 14:30:00,69.4,78.15256
2017-06-07 14:35:00,74.8,77.0211
2017-06-07 14:40:00,69.0,76.59616
2017-06-07 14:45:00,69.2,77.195015
2017-06-07 14:50:00,64.8,75.95468
2017-06-07 14:55:00,69.0,76.19232
2017-06-07 15:00:00,72.6,77.04548
2017-06-07 15:05:00,67.8,78.02528
2017-06-07 15:10:00,62.4,79.09672
2017-06-07 15:15:00,64.0,79.7328
2017-06-07 15:20:00,66.25,80.11722
2017-06-07 15:25:00,72.8,80.52797
2017-06-07 15:30:00,73.0,81.02502
2017-06-07 15:35:00,75.0,81.37689
2017-06-07 15:40:00,69.2,81.20512
2017-06-07 15:45:00,71.8,80.28313
2017-06-07 15:50:00,67.4,78.57659
2017-06-07 15:55:00,72.0,76.07879
2017-06-07 16:00:00,76.75,69.87651
2017-06-07 16:05:00,68.5,60.82611
2017-06-07 16:10:00,71.6,48.78027
2017-06-07 16:15:00,72.8,34.63464
2017-06-07 16:20:00,69.75,24.083366
2017-06-07 16:25:00,48.0,18.496658
2017-06-07 16:30:00,35.6,15.486022
2017-06-07 16:35:00,16.4,13.400259
2017-06-07 16:40:00,15.25,11.968801
2017-06-07 16:45:00,15.8,11.222533
2017-06-07 16:50:00,11.2,10.828852
2017-06-07 16:55:00,8.8,10.391987
2017-06-07 17:00:00,10.2,9.918185
2017-06-07 17:05:00,13.4,9.783632
2017-06-07 17:10:00,14.75,9.7281275
2017-06-07 17:15:00,12.4,9.717785
2017-06-07 17:20:00,11.0,9.676609
2017-06-07 17:25:00,8.8,9.594609
2017-06-07 17:30:00,10.75,9.592214
2017-06-07 17:35:00,8.6,9.606306
2017-06-07 17:40:00,8.5,9.598532
2017-06-07 17:45:00,11.2,9.573349
2017-06-07 17:50:00,8.2,9.555351
2017-06-07 17:55:00,10.8,9.551282
2017-06-07 18:00:00,10.2,9.549575
2017-06-07 18:05:00,11.666666666666664,9.519959
2017-06-07 18:10:00,12.0,9.529992
2017-06-07 18:15:00,9.2,9.495195
2017-06-07 18:20:00,9.2,9.458009
2017-06-07 18:25:00,7.0,9.467986
2017-06-07 18:30:00,7.25,9.4656105
2017-06-07 18:35:00,6.4,9.382159
2017-06-07 18:40:00,9.0,9.344434
2017-06-07 18:45:00,8.8,9.349888
2017-06-07 18:50:00,6.0,9.3486595
2017-06-07 18:55:00,9.4,9.326227
2017-06-07 19:00:00,12.0,9.326172
2017-06-07 19:05:00,12.0,9.33111
2017-06-07 19:10:00,11.0,9.36518
2017-06-07 19:15:00,10.4,9.44552
2017-06-07 19:20:00,11.0,9.517147
2017-06-07 19:25:00,12.5,9.624953
2017-06-07 19:30:00,11.6,9.863542
2017-06-07 19:35:00,11.799999999999999,10.386237
2017-06-07 19:40:00,13.8,11.276117
2017-06-07 19:45:00,9.6,12.631393
2017-06-07 19:50:00,11.4,14.479759
2017-06-07 19:55:00,9.6,17.27431
2017-06-07 20:00:00,10.8,21.737068
2017-06-07 20:05:00,10.0,29.375486
2017-06-07 20:10:00,14.6,41.917706
2017-06-07 20:15:00,39.8,60.139805
2017-06-07 20:20:00,64.0,81.42686
2017-06-07 20:25:00,91.75,84.135666
2017-06-07 20:30:00,94.49999999999999,91.898834
2017-06-07 20:35:00,88.59999999999998,96.99764
2017-06-07 20:40:00,95.8,96.81635
2017-06-07 20:45:00,99.0,97.282616
2017-06-07 20:50:00,94.8,98.70771
2017-06-07 20:55:00,94.59999999999998,98.96089
2017-06-07 21:00:00,90.5,97.727104
2017-06-07 21:05:00,90.8,97.59072
2017-06-07 21:10:00,88.8,97.79868
2017-06-07 21:15:00,86.4,97.91266
2017-06-07 21:20:00,92.2,96.86737
2017-06-07 21:25:00,95.0,96.67226
2017-06-07 21:30:00,92.0,95.71649
2017-06-07 21:35:00,90.6,94.81536
2017-06-07 21:40:00,90.0,92.79075
2017-06-07 21:45:00,92.0,91.07604
2017-06-07 21:50:00,90.6,88.86504
2017-06-07 21:55:00,89.0,87.36307
2017-06-07 22:00:00,87.4,85.57567
2017-06-07 22:05:00,88.2,84.56554
2017-06-07 22:10:00,89.8,83.56957
2017-06-07 22:15:00,87.8,83.0057
2017-06-07 22:20:00,88.33333333333331,82.61537
2017-06-07 22:25:00,89.2,82.48263
2017-06-07 22:30:00,88.39999999999999,82.709305
2017-06-07 22:35:00,86.8,82.80033
2017-06-07 22:40:00,82.4,82.85031
2017-06-07 22:45:00,83.4,82.99127
2017-06-07 22:50:00,86.8,83.18609
2017-06-07 22:55:00,86.4,83.36891
2017-06-07 23:00:00,82.6,83.51768
2017-06-07 23:05:00,81.2,83.96579
2017-06-07 23:10:00,85.0,84.799644
2017-06-07 23:15:00,85.4,86.16098
2017-06-07 23:20:00,82.25000000000001,87.43442
2017-06-07 23:25:00,85.6,88.38391
2017-06-07 23:30:00,86.8,88.479996
2017-06-07 23:35:00,86.0,89.88925
2017-06-07 23:40:00,86.25,91.820076
2017-06-07 23:45:00,91.8,92.58487
2017-06-07 23:50:00,92.4,93.42404
2017-06-07 23:55:00,93.2,94.304825
2017-06-08 00:00:00,90.5,95.45411
2017-06-08 00:05:00,89.4,96.23313
2017-06-08 00:10:00,91.66666666666669,96.75377
2017-06-08 00:15:00,93.25,96.63501
2017-06-08 00:20:00,92.25,95.60199
2017-06-08 00:25:00,83.4,93.34586
2017-06-08 00:30:00,81.8,90.45558
2017-06-08 00:35:00,79.8,89.47346
2017-06-08 00:40:00,81.8,88.945175
2017-06-08 00:45:00,92.6,89.23384
2017-06-08 00:50:00,87.6,89.481895
2017-06-08 00:55:00,83.6,90.54081
2017-06-08 01:00:00,85.6,90.747
2017-06-08 01:05:00,88.8,92.68281
2017-06-08 01:10:00,84.5,94.91078
2017-06-08 01:15:00,88.0,96.28984
2017-06-08 01:20:00,86.4,96.98273
2017-06-08 01:25:00,86.8,97.3568
2017-06-08 01:30:00,95.8,98.34785
2017-06-08 01:35:00,88.8,99.08189
2017-06-08 01:40:00,92.4,99.4241
2017-06-08 01:45:00,80.66666666666667,99.62261
2017-06-08 01:50:00,91.0,99.57262
2017-06-08 01:55:00,94.8,99.38858
2017-06-08 02:00:00,93.8,99.809425
2017-06-08 02:05:00,93.6,100.11612
2017-06-08 02:10:00,97.2,100.55101
2017-06-08 02:15:00,97.8,100.95715
2017-06-08 02:20:00,84.5,100.922714
2017-06-08 02:25:00,91.2,100.94475
2017-06-08 02:30:00,86.0,101.68405
2017-06-08 02:35:00,98.2,102.114555
2017-06-08 02:40:00,88.0,102.53819
2017-06-08 02:45:00,87.4,102.85836
2017-06-08 02:50:00,88.59999999999998,103.518265
2017-06-08 02:55:00,97.2,104.06348
2017-06-08 03:00:00,81.25,104.24674
2017-06-08 03:05:00,74.6,104.30068
2017-06-08 03:10:00,79.4,104.2441
2017-06-08 03:15:00,93.2,104.328804
2017-06-08 03:20:00,98.4,104.3072
2017-06-08 03:25:00,105.8,104.252754
2017-06-08 03:30:00,101.4,104.15976
2017-06-08 03:35:00,101.8,104.01334
2017-06-08 03:40:00,100.50000000000001,103.65506
2017-06-08 03:45:00,97.0,102.73345
2017-06-08 03:50:00,95.4,102.213394
2017-06-08 03:55:00,99.2,101.84867
2017-06-08 04:00:00,98.4,101.5356
2017-06-08 04:05:00,99.6,101.24758
2017-06-08 04:10:00,97.2,101.06257
2017-06-08 04:15:00,91.0,100.85778
2017-06-08 04:20:00,93.8,101.01075
2017-06-08 04:25:00,97.0,101.412994
2017-06-08 04:30:00,97.0,101.43796
2017-06-08 04:35:00,100.8,101.324196
2017-06-08 04:40:00,100.2,100.891495
2017-06-08 04:45:00,97.0,100.38961
2017-06-08 04:50:00,97.4,99.08482
2017-06-08 04:55:00,103.2,98.54966
2017-06-08 05:00:00,100.60000000000001,98.10972
2017-06-08 05:05:00,94.0,98.01997
2017-06-08 05:10:00,96.4,98.33364
2017-06-08 05:15:00,100.2,98.565094
2017-06-08 05:20:00,102.0,99.02868
2017-06-08 05:25:00,97.8,99.05505
2017-06-08 05:30:00,94.8,99.65866
2017-06-08 05:35:00,95.6,100.192955
2017-06-08 05:40:00,103.0,100.935196
2017-06-08 05:45:00,104.8,101.64611
2017-06-08 05:50:00,101.6,102.05291
2017-06-08 05:55:00,103.4,102.09979
2017-06-08 06:00:00,100.75,101.69789
2017-06-08 06:05:00,94.2,100.97799
2017-06-08 06:10:00,96.4,100.56955
2017-06-08 06:15:00,93.8,100.499275
2017-06-08 06:20:00,92.2,100.28919
2017-06-08 06:25:00,92.0,99.76143
2017-06-08 06:30:00,94.0,98.80532
2017-06-08 06:35:00,93.2,96.63702
2017-06-08 06:40:00,91.66666666666669,93.31559
2017-06-08 06:45:00,90.8,89.45459
2017-06-08 06:50:00,86.8,84.64304
2017-06-08 06:55:00,86.8,80.60034
2017-06-08 07:00:00,85.6,77.71653
2017-06-08 07:05:00,79.0,76.53583
2017-06-08 07:10:00,81.0,75.37576
2017-06-08 07:15:00,81.4,74.4939
2017-06-08 07:20:00,80.8,73.72351
2017-06-08 07:25:00,81.2,72.89522
2017-06-08 07:30:00,81.6,71.543434
2017-06-08 07:35:00,79.2,67.96537
2017-06-08 07:40:00,75.33333333333333,63.103893
2017-06-08 07:45:00,70.8,58.39378
2017-06-08 07:50:00,71.4,54.256424
2017-06-08 07:55:00,70.00000000000001,50.540653
2017-06-08 08:00:00,66.4,48.061607
2017-06-08 08:05:00,70.00000000000001,47.037502
2017-06-08 08:10:00,60.4,46.861244
2017-06-08 08:15:00,49.8,49.314075
2017-06-08 08:20:00,50.4,53.840656
2017-06-08 08:25:00,68.6,59.847054
2017-06-08 08:30:00,73.0,67.197495
2017-06-08 08:35:00,68.4,75.988594
2017-06-08 08:40:00,46.0,79.27659
2017-06-08 08:45:00,46.2,83.07557
2017-06-08 08:50:00,46.6,86.84867
2017-06-08 08:55:00,31.8,88.80684
2017-06-08 09:00:00,41.4,88.23424
2017-06-08 09:05:00,41.0,89.5488
2017-06-08 09:10:00,37.2,89.083725
2017-06-08 09:15:00,37.4,87.069565
2017-06-08 09:20:00,35.8,86.74864
2017-06-08 09:25:00,45.0,86.37656
2017-06-08 09:30:00,61.8,85.81361
2017-06-08 09:35:00,74.2,84.79838
2017-06-08 09:40:00,77.2,86.17291
2017-06-08 09:45:00,80.8,85.71021
2017-06-08 09:50:00,79.8,85.53432
2017-06-08 09:55:00,81.2,85.08321
2017-06-08 10:00:00,84.4,85.67241
2017-06-08 10:05:00,83.0,85.78839
2017-06-08 10:10:00,83.75,83.391075
2017-06-08 10:15:00,82.20000000000002,81.731026
2017-06-08 10:20:00,84.2,77.50986
2017-06-08 10:25:00,82.4,75.58097
2017-06-08 10:30:00,85.6,74.317764
2017-06-08 10:35:00,80.0,72.05641
2017-06-08 10:40:00,76.19999999999999,71.98657
2017-06-08 10:45:00,78.6,70.12535
2017-06-08 10:50:00,76.6,70.390305
2017-06-08 10:55:00,79.4,71.0628
2017-06-08 11:00:00,79.0,71.76883
2017-06-08 11:05:00,79.4,71.665764
2017-06-08 11:10:00,81.33333333333333,72.11218
2017-06-08 11:15:00,80.0,71.45002
2017-06-08 11:20:00,81.2,71.85276
2017-06-08 11:25:00,85.2,71.97309
2017-06-08 11:30:00,77.2,72.733864
2017-06-08 11:35:00,78.0,73.500465
2017-06-08 11:40:00,79.6,73.7236
2017-06-08 11:45:00,77.4,73.84371
2017-06-08 11:50:00,86.0,74.32854
2017-06-08 11:55:00,85.8,74.479866
2017-06-08 12:00:00,83.4,74.45443
2017-06-08 12:05:00,83.4,74.468185
2017-06-08 12:10:00,83.6,74.42464
2017-06-08 12:15:00,82.0,74.246544
2017-06-08 12:20:00,81.8,73.92121
2017-06-08 12:25:00,82.0,73.51022
2017-06-08 12:30:00,82.20000000000002,73.38345
2017-06-08 12:35:00,80.2,73.41256
2017-06-08 12:40:00,78.6,73.84705
2017-06-08 12:45:00,80.8,74.46395
2017-06-08 12:50:00,80.4,75.11148
2017-06-08 12:55:00,80.2,75.38819
2017-06-08 13:00:00,82.6,75.64128
2017-06-08 13:05:00,86.0,75.69083
2017-06-08 13:10:00,80.8,75.75052
2017-06-08 13:15:00,82.0,76.03266
2017-06-08 13:20:00,86.8,76.16947
2017-06-08 13:25:00,83.6,76.27767
2017-06-08 13:30:00,82.8,76.14279
2017-06-08 13:35:00,81.25,76.0664
2017-06-08 13:40:00,85.2,75.74453
2017-06-08 13:45:00,81.2,75.14202
2017-06-08 13:50:00,83.33333333333333,75.05002
2017-06-08 13:55:00,80.4,74.83953
2017-06-08 14:00:00,78.4,74.7634
2017-06-08 14:05:00,83.8,74.68508
2017-06-08 14:10:00,86.0,73.99924
2017-06-08 14:15:00,79.2,73.868904
2017-06-08 14:20:00,77.0,73.3189
2017-06-08 14:25:00,32.25,72.56283
2017-06-08 14:30:00,15.666666666666664,71.809746
2017-06-08 14:35:00,12.0,71.843864
2017-06-08 14:40:00,9.2,72.05843
2017-06-08 14:45:00,9.0,72.67167
2017-06-08 14:50:00,7.25,73.06983
2017-06-08 14:55:00,8.0,72.644714
2017-06-08 15:00:00,11.75,71.60392
2017-06-08 15:05:00,12.0,69.72669
2017-06-08 15:10:00,12.2,63.571896
2017-06-08 15:15:00,11.0,54.769234
2017-06-08 15:20:00,10.2,41.071312
2017-06-08 15:25:00,10.25,29.670422
2017-06-08 15:30:00,11.0,21.805914
2017-06-08 15:35:00,10.4,16.382828
2017-06-08 15:40:00,10.2,14.142203
2017-06-08 15:45:00,9.2,13.058683
2017-06-08 15:50:00,8.8,12.211118
2017-06-08 15:55:00,9.75,11.518343
2017-06-08 16:00:00,10.0,10.695354
2017-06-08 16:05:00,10.0,10.314087
2017-06-08 16:10:00,10.333333333333334,10.310733
2017-06-08 16:15:00,9.0,10.232318
2017-06-08 16:20:00,8.0,10.181166
2017-06-08 16:25:00,7.0,10.196948
2017-06-08 16:30:00,10.0,10.116967
2017-06-08 16:35:00,8.750000000000002,10.036374
2017-06-08 16:40:00,10.2,9.990024
2017-06-08 16:45:00,11.2,9.970652
2017-06-08 16:50:00,8.6,9.978382
2017-06-08 16:55:00,14.2,9.939849
2017-06-08 17:00:00,11.4,9.911853
2017-06-08 17:05:00,14.2,9.869996
2017-06-08 17:10:00,9.8,9.803787
2017-06-08 17:15:00,15.25,9.823064
2017-06-08 17:20:00,12.4,9.851028
2017-06-08 17:25:00,10.6,9.841609
2017-06-08 17:30:00,13.2,9.8024435
2017-06-08 17:35:00,11.6,9.765897
2017-06-08 17:40:00,11.75,9.72206
2017-06-08 17:45:00,9.4,9.710961
2017-06-08 17:50:00,7.4,9.696499
2017-06-08 17:55:00,11.2,9.671635
2017-06-08 18:00:00,13.8,9.678771
2017-06-08 18:05:00,15.6,9.722173
2017-06-08 18:10:00,16.666666666666668,9.687625
2017-06-08 18:15:00,19.6,9.648813
2017-06-08 18:20:00,15.75,9.65511
2017-06-08 18:25:00,9.8,9.652178
2017-06-08 18:30:00,6.2,9.652599
2017-06-08 18:35:00,6.8,9.655664
2017-06-08 18:40:00,9.2,9.669799
2017-06-08 18:45:00,8.4,9.68857
2017-06-08 18:50:00,8.0,9.671303
2017-06-08 18:55:00,9.4,9.66388
2017-06-08 19:00:00,11.2,9.677328
2017-06-08 19:05:00,11.2,9.719068
2017-06-08 19:10:00,13.4,9.719096
2017-06-08 19:15:00,11.2,9.723248
2017-06-08 19:20:00,8.25,9.71124
2017-06-08 19:25:00,13.333333333333336,9.70555
2017-06-08 19:30:00,7.0,9.6703415
2017-06-08 19:35:00,8.8,9.680237
2017-06-08 19:40:00,19.5,9.7452135
2017-06-08 19:45:00,9.8,9.808659
2017-06-08 19:50:00,11.799999999999999,9.873802
2017-06-08 19:55:00,10.0,10.138083
2017-06-08 20:00:00,14.6,10.670449
2017-06-08 20:05:00,13.0,11.493417
2017-06-08 20:10:00,7.2,12.665781
2017-06-08 20:15:00,8.4,14.304358
2017-06-08 20:20:00,9.8,16.73471
2017-06-08 20:25:00,9.0,21.016375
2017-06-08 20:30:00,11.0,29.6192
2017-06-08 20:35:00,13.8,47.76359
2017-06-08 20:40:00,12.2,73.777954
2017-06-08 20:45:00,10.75,80.91102
2017-06-08 20:50:00,10.0,94.83404
2017-06-08 20:55:00,10.75,99.049194
2017-06-08 21:00:00,10.2,98.9689
2017-06-08 21:05:00,12.4,98.557014
2017-06-08 21:10:00,10.0,97.47195
2017-06-08 21:15:00,10.8,97.19668
2017-06-08 21:20:00,14.2,96.630455
2017-06-08 21:25:00,11.6,95.854454
2017-06-08 21:30:00,14.5,93.732086
2017-06-08 21:35:00,12.4,91.73964
2017-06-08 21:40:00,9.0,89.05804
2017-06-08 21:45:00,13.0,85.983574
2017-06-08 21:50:00,9.6,84.61685
2017-06-08 21:55:00,18.0,82.437325
2017-06-08 22:00:00,14.4,79.89708
2017-06-08 22:05:00,14.0,80.13067
2017-06-08 22:10:00,10.8,79.678154
2017-06-08 22:15:00,9.8,79.329765
2017-06-08 22:20:00,19.25,79.92519
2017-06-08 22:25:00,26.8,80.6373
2017-06-08 22:30:00,51.6,81.24353
2017-06-08 22:35:00,74.2,81.284485
2017-06-08 22:40:00,85.0,80.5633
2017-06-08 22:45:00,80.6,79.799095
2017-06-08 22:50:00,80.0,80.29527
2017-06-08 22:55:00,80.4,80.691345
2017-06-08 23:00:00,85.2,80.87794
2017-06-08 23:05:00,82.6,81.236664
2017-06-08 23:10:00,83.6,81.60819
2017-06-08 23:15:00,84.2,81.993965
2017-06-08 23:20:00,83.0,82.01798
2017-06-08 23:25:00,81.2,82.52338
2017-06-08 23:30:00,78.6,83.39678
2017-06-08 23:35:00,78.4,84.85225
2017-06-08 23:40:00,82.5,86.400116
2017-06-08 23:45:00,85.4,87.22389
2017-06-08 23:50:00,87.0,87.71407
2017-06-08 23:55:00,88.0,87.50566
2017-06-09 00:00:00,86.4,87.22135
2017-06-09 00:05:00,87.2,87.78056
2017-06-09 00:10:00,85.8,88.83038
2017-06-09 00:15:00,87.2,88.08978
2017-06-09 00:20:00,85.8,85.15083
2017-06-09 00:25:00,81.4,82.67043
2017-06-09 00:30:00,84.75,80.20583
2017-06-09 00:35:00,91.4,83.02551
2017-06-09 00:40:00,88.59999999999998,84.64183
2017-06-09 00:45:00,90.6,87.611115
2017-06-09 00:50:00,85.6,91.28628
2017-06-09 00:55:00,90.4,94.06602
2017-06-09 01:00:00,93.0,95.568504
2017-06-09 01:05:00,91.0,96.71441
2017-06-09 01:10:00,89.0,97.736725
2017-06-09 01:15:00,87.6,99.31285
2017-06-09 01:20:00,87.6,100.44785
2017-06-09 01:25:00,87.2,101.13647
2017-06-09 01:30:00,87.6,101.273674
2017-06-09 01:35:00,88.59999999999998,101.38449
2017-06-09 01:40:00,88.25,101.38178
2017-06-09 01:45:00,95.6,101.733406
2017-06-09 01:50:00,94.39999999999999,102.00066
2017-06-09 01:55:00,97.0,102.14974
2017-06-09 02:00:00,94.2,102.399994
2017-06-09 02:05:00,95.2,102.71108
2017-06-09 02:10:00,96.4,103.14687
2017-06-09 02:15:00,93.0,103.22484
2017-06-09 02:20:00,95.66666666666669,103.11397
2017-06-09 02:25:00,94.2,103.07896
2017-06-09 02:30:00,99.0,102.89502
2017-06-09 02:35:00,94.0,102.63034
2017-06-09 02:40:00,102.4,102.15057
2017-06-09 02:45:00,103.2,102.09035
2017-06-09 02:50:00,101.6,102.041336
2017-06-09 02:55:00,103.0,102.00358
2017-06-09 03:00:00,98.0,102.121895
2017-06-09 03:05:00,99.2,102.2347
2017-06-09 03:10:00,95.6,102.31694
2017-06-09 03:15:00,96.6,102.279686
2017-06-09 03:20:00,95.0,102.43595
2017-06-09 03:25:00,89.6,102.4994
2017-06-09 03:30:00,95.2,102.34023
2017-06-09 03:35:00,95.6,102.35754
2017-06-09 03:40:00,94.39999999999999,102.24123
2017-06-09 03:45:00,94.2,102.39073
2017-06-09 03:50:00,98.4,102.22406
2017-06-09 03:55:00,98.0,102.19278
2017-06-09 04:00:00,91.33333333333331,101.72756
2017-06-09 04:05:00,96.33333333333331,101.27408
2017-06-09 04:10:00,96.2,100.86724
2017-06-09 04:15:00,105.2,100.76821
2017-06-09 04:20:00,100.40000000000002,100.11887
2017-06-09 04:25:00,97.5,99.187645
2017-06-09 04:30:00,98.0,98.01793
2017-06-09 04:35:00,102.0,97.95332
2017-06-09 04:40:00,98.4,98.607346
2017-06-09 04:45:00,95.6,98.30506
2017-06-09 04:50:00,96.8,97.839554
2017-06-09 04:55:00,92.8,97.94079
2017-06-09 05:00:00,96.8,97.724266
2017-06-09 05:05:00,100.0,97.52605
2017-06-09 05:10:00,100.40000000000002,97.43509
2017-06-09 05:15:00,99.2,97.71646
2017-06-09 05:20:00,98.8,98.643906
2017-06-09 05:25:00,96.6,98.603294
2017-06-09 05:30:00,101.4,98.218735
2017-06-09 05:35:00,100.0,97.856895
2017-06-09 05:40:00,97.8,97.76718
2017-06-09 05:45:00,101.2,98.24972
2017-06-09 05:50:00,103.0,97.83282
2017-06-09 05:55:00,98.6,97.91671
2017-06-09 06:00:00,96.0,97.597885
2017-06-09 06:05:00,96.2,98.36495
2017-06-09 06:10:00,95.0,98.793655
2017-06-09 06:15:00,95.8,98.542984
2017-06-09 06:20:00,95.2,98.05216
2017-06-09 06:25:00,95.4,97.87911
2017-06-09 06:30:00,87.6,97.55914
2017-06-09 06:35:00,84.2,96.25765
2017-06-09 06:40:00,86.4,91.969505
2017-06-09 06:45:00,86.0,90.61764
2017-06-09 06:50:00,85.8,89.82877
2017-06-09 06:55:00,79.0,87.79387
2017-06-09 07:00:00,79.0,83.01651
2017-06-09 07:05:00,74.5,78.2808
2017-06-09 07:10:00,77.0,75.46676
2017-06-09 07:15:00,74.0,74.65126
2017-06-09 07:20:00,72.6,74.09796
2017-06-09 07:25:00,72.6,73.5216
2017-06-09 07:30:00,72.4,72.28721
2017-06-09 07:35:00,69.2,69.31868
2017-06-09 07:40:00,64.6,65.19469
2017-06-09 07:45:00,58.4,61.212383
2017-06-09 07:50:00,29.4,57.58676
2017-06-09 07:55:00,17.6,53.503807
2017-06-09 08:00:00,16.8,47.956444
2017-06-09 08:05:00,16.599999999999998,44.439716
2017-06-09 08:10:00,14.2,42.633743
2017-06-09 08:15:00,14.0,42.03728
2017-06-09 08:20:00,14.25,41.86023
2017-06-09 08:25:00,19.6,42.347557
2017-06-09 08:30:00,21.2,42.6548
2017-06-09 08:35:00,22.0,42.610497
2017-06-09 08:40:00,23.0,40.371586
2017-06-09 08:45:00,32.0,39.02507
2017-06-09 08:50:00,30.8,36.49709
2017-06-09 08:55:00,33.4,34.2775
2017-06-09 09:00:00,31.6,29.171427
2017-06-09 09:05:00,34.2,23.869162
2017-06-09 09:10:00,31.5,20.793556
2017-06-09 09:15:00,32.25,19.97501
2017-06-09 09:20:00,33.0,19.060379
2017-06-09 09:25:00,25.4,19.437145
2017-06-09 09:30:00,22.8,19.907959
2017-06-09 09:35:00,25.0,20.45935
2017-06-09 09:40:00,29.0,22.79282
2017-06-09 09:45:00,62.0,25.666798
2017-06-09 09:50:00,71.4,28.631762
2017-06-09 09:55:00,76.6,36.227272
2017-06-09 10:00:00,72.6,37.63248
2017-06-09 10:05:00,73.6,37.578484
2017-06-09 10:10:00,65.4,40.462196
2017-06-09 10:15:00,66.4,46.503235
2017-06-09 10:20:00,76.8,48.516544
2017-06-09 10:25:00,69.0,51.826557
2017-06-09 10:30:00,46.4,57.2652
2017-06-09 10:35:00,53.0,62.66502
2017-06-09 10:40:00,69.6,66.679
2017-06-09 10:45:00,75.4,68.37599
2017-06-09 10:50:00,74.6,69.672356
2017-06-09 10:55:00,80.2,71.19491
2017-06-09 11:00:00,77.2,70.458015
2017-06-09 11:05:00,74.75,70.38852
2017-06-09 11:10:00,81.0,71.43764
2017-06-09 11:15:00,78.8,71.89844
2017-06-09 11:20:00,73.25,71.111336
2017-06-09 11:25:00,80.75,70.84254
2017-06-09 11:30:00,67.8,69.363655
2017-06-09 11:35:00,73.0,68.041756
2017-06-09 11:40:00,71.8,68.8293
2017-06-09 11:45:00,72.2,69.75988
2017-06-09 11:50:00,75.0,69.71271
2017-06-09 11:55:00,80.0,67.57401
2017-06-09 12:00:00,81.4,63.696507
2017-06-09 12:05:00,81.6,59.833134
2017-06-09 12:10:00,82.0,54.297028
2017-06-09 12:15:00,88.8,44.143562
2017-06-09 12:20:00,87.4,37.69999
2017-06-09 12:25:00,83.4,33.877777
2017-06-09 12:30:00,84.0,32.65079
2017-06-09 12:35:00,77.4,34.02007
2017-06-09 12:40:00,74.25,34.435226
2017-06-09 12:45:00,76.0,34.255795
2017-06-09 12:50:00,79.6,34.489883
2017-06-09 12:55:00,78.0,50.049526
2017-06-09 13:00:00,82.6,71.55823
2017-06-09 13:05:00,88.59999999999998,75.18986
2017-06-09 13:10:00,87.0,75.35836
2017-06-09 13:15:00,88.0,74.901245
2017-06-09 13:20:00,87.0,73.294685
2017-06-09 13:25:00,88.2,69.73495
2017-06-09 13:30:00,88.39999999999999,60.37861
2017-06-09 13:35:00,85.0,45.16224
2017-06-09 13:40:00,86.5,29.376293
2017-06-09 13:45:00,91.2,19.651712
2017-06-09 13:50:00,87.2,16.084929
2017-06-09 13:55:00,89.5,15.071984
2017-06-09 14:00:00,86.8,14.966129
2017-06-09 14:05:00,83.4,14.811077
2017-06-09 14:10:00,78.75,14.518508
2017-06-09 14:15:00,77.0,13.859437
2017-06-09 14:20:00,78.0,13.950353
2017-06-09 14:25:00,83.5,15.438353
2017-06-09 14:30:00,80.66666666666667,19.61106
2017-06-09 14:35:00,79.4,31.298405
2017-06-09 14:40:00,78.4,43.235172
2017-06-09 14:45:00,81.4,52.054253
2017-06-09 14:50:00,79.75,63.220364
2017-06-09 14:55:00,79.2,63.81702
2017-06-09 15:00:00,80.5,68.133514
2017-06-09 15:05:00,85.4,69.17279
2017-06-09 15:10:00,86.8,69.265686
2017-06-09 15:15:00,87.75,65.53646
2017-06-09 15:20:00,84.0,63.166763
2017-06-09 15:25:00,85.8,56.614223
2017-06-09 15:30:00,86.75,42.25224
2017-06-09 15:35:00,86.25,24.508982
2017-06-09 15:40:00,84.0,16.036165
2017-06-09 15:45:00,84.6,14.028131
2017-06-09 15:50:00,90.6,13.451953
2017-06-09 15:55:00,84.5,12.935434
2017-06-09 16:00:00,76.8,12.666093
2017-06-09 16:05:00,76.8,12.413449
2017-06-09 16:10:00,59.0,12.209873
2017-06-09 16:15:00,29.0,11.965492
2017-06-09 16:20:00,19.6,11.684053
2017-06-09 16:25:00,18.0,11.597527
2017-06-09 16:30:00,21.75,11.3842745
2017-06-09 16:35:00,14.2,11.221932
2017-06-09 16:40:00,12.4,11.082697
2017-06-09 16:45:00,12.6,11.103441
2017-06-09 16:50:00,15.8,10.963585
2017-06-09 16:55:00,13.0,10.802324
2017-06-09 17:00:00,14.75,10.81485
2017-06-09 17:05:00,12.0,10.681548
2017-06-09 17:10:00,11.2,10.683656
2017-06-09 17:15:00,11.0,10.638884
2017-06-09 17:20:00,6.8,10.620046
2017-06-09 17:25:00,9.8,10.622441
2017-06-09 17:30:00,12.6,10.609911
2017-06-09 17:35:00,14.2,10.626931
2017-06-09 17:40:00,10.0,10.577978
2017-06-09 17:45:00,9.0,10.612908
2017-06-09 17:50:00,9.25,10.563039
2017-06-09 17:55:00,8.8,10.5188465
2017-06-09 18:00:00,9.4,10.491205
2017-06-09 18:05:00,9.8,10.511444
2017-06-09 18:10:00,9.0,10.488267
2017-06-09 18:15:00,10.75,10.46751
2017-06-09 18:20:00,10.5,10.499828
2017-06-09 18:25:00,8.2,10.497369
2017-06-09 18:30:00,4.4,10.47286
2017-06-09 18:35:00,11.0,10.436687
2017-06-09 18:40:00,12.6,10.495281
2017-06-09 18:45:00,10.4,10.486011
2017-06-09 18:50:00,10.8,10.478287
2017-06-09 18:55:00,9.4,10.468355
2017-06-09 19:00:00,8.5,10.469863
2017-06-09 19:05:00,9.333333333333334,10.477657
2017-06-09 19:10:00,9.4,10.475581
2017-06-09 19:15:00,9.0,10.444925
2017-06-09 19:20:00,8.4,10.425534
2017-06-09 19:25:00,8.750000000000002,10.448719
2017-06-09 19:30:00,10.5,10.485399
2017-06-09 19:35:00,8.8,10.562618
2017-06-09 19:40:00,9.2,10.692813
2017-06-09 19:45:00,9.2,10.924034
2017-06-09 19:50:00,10.6,11.2416725
2017-06-09 19:55:00,9.333333333333334,11.58104
2017-06-09 20:00:00,8.6,12.061507
2017-06-09 20:05:00,12.4,12.638304
2017-06-09 20:10:00,10.2,13.45584
2017-06-09 20:15:00,12.6,14.681919
2017-06-09 20:20:00,15.5,17.424475
2017-06-09 20:25:00,58.25,28.280756
2017-06-09 20:30:00,73.4,71.03377
2017-06-09 20:35:00,86.6,79.45655
2017-06-09 20:40:00,86.2,85.41917
2017-06-09 20:45:00,90.0,89.657104
2017-06-09 20:50:00,93.8,93.18885
2017-06-09 20:55:00,95.6,92.3631
2017-06-09 21:00:00,88.39999999999999,91.96872
2017-06-09 21:05:00,98.0,91.69619
2017-06-09 21:10:00,91.2,90.890976
2017-06-09 21:15:00,97.8,93.20134
2017-06-09 21:20:00,93.6,94.440186
2017-06-09 21:25:00,97.8,93.723465
2017-06-09 21:30:00,96.6,91.532036
2017-06-09 21:35:00,90.0,89.83781
2017-06-09 21:40:00,92.0,87.55435
2017-06-09 21:45:00,88.59999999999998,82.87132
2017-06-09 21:50:00,89.0,78.74899
2017-06-09 21:55:00,85.0,76.393845
2017-06-09 22:00:00,82.5,75.2479
2017-06-09 22:05:00,85.4,74.31964
2017-06-09 22:10:00,83.0,72.88938
2017-06-09 22:15:00,79.2,69.34565
2017-06-09 22:20:00,81.4,61.17523
2017-06-09 22:25:00,78.8,44.53977
2017-06-09 22:30:00,80.6,27.520134
2017-06-09 22:35:00,80.8,16.23923
2017-06-09 22:40:00,78.8,13.6695175
2017-06-09 22:45:00,79.2,13.3323765
2017-06-09 22:50:00,83.4,13.550128
2017-06-09 22:55:00,83.2,13.661383
2017-06-09 23:00:00,85.2,13.338991
2017-06-09 23:05:00,88.0,13.084187
2017-06-09 23:10:00,86.2,13.103607
2017-06-09 23:15:00,87.2,13.495382
2017-06-09 23:20:00,85.6,14.180403
2017-06-09 23:25:00,90.4,15.754524
2017-06-09 23:30:00,77.2,19.479872
2017-06-09 23:35:00,76.8,31.588854
2017-06-09 23:40:00,87.4,62.234943
2017-06-09 23:45:00,90.0,72.95033
2017-06-09 23:50:00,88.25,79.277374
2017-06-09 23:55:00,88.8,80.47908
